SourceNode,TargetNode,SourceLayer,TargetLayer
--4444x--,--4444x--,2,2
椟菽荫,方脑壳邓铂鋆,2,2
椟菽荫,从善如流2021,2,1
椟菽荫,残云吹雨,2,2
椟菽荫,重庆醉了,2,2
椟菽荫,生草字幕组,2,2
911苏州新闻广播,911苏州新闻广播,3,3
Jokielicious,豹躁绿皮,2,2
Jokielicious,哎什么国太子来着,2,2
Jokielicious,宏康010,2,2
Jokielicious,天地一羽喵,2,2
Jokielicious,samteen,2,2
Jokielicious,_阿枝枝_,2,2
Jokielicious,肌肉阳刚,2,1
Jokielicious,炼金术师噼哩啪啦Pobby,2,2
Jokielicious,紫幽新家,2,2
Jokielicious,王成康Kingod,2,2
Jokielicious,三言Cyan,2,2
Jokielicious,林云的量子蓝玫瑰,2,1
Jokielicious,小程先生210,2,2
Jokielicious,回龙观不相信眼泪,2,1
Jokielicious,babysugar2012,2,1
Jokielicious,群青漫,2,2
Jokielicious,我从山中来_带来兰花草,2,1
Jokielicious,海布里的包工头,2,2
Jokielicious,大脸古板小姐姐,2,2
Jokielicious,万能青年旅店里的青年,2,1
Jokielicious,只爱斑比,2,2
Jokielicious,偃玖端袂,2,1
Jokielicious,春天里的静子,2,1
Jokielicious,我有一只小咩咩我从来也不骑,2,2
Jokielicious,昵称小南熊,2,2
Jokielicious,歺风饮露,2,2
Jokielicious,牵黄擎猫,2,1
Jokielicious,不争论只记录,2,1
Jokielicious,卧虎老老,2,2
Jokielicious,Vic_GallifreyanHitchhiker,2,2
Jokielicious,WeverNo,2,1
Jokielicious,梦见我会飞了,2,2
Jokielicious,暖絮__,2,2
Jokielicious,近卫T-34,2,2
Jokielicious,火燒槓子頭,2,1
Jokielicious,Zenobruto,2,2
Jokielicious,轩玖的窝,2,1
Jokielicious,咬一口梅肉肉,2,2
Jokielicious,北渔·,2,1
Jokielicious,我实在不知道我该叫什么好,2,2
Jokielicious,一页一页不停留,2,1
Jokielicious,Justcloud,2,1
Jokielicious,愚者的TARDIS,2,2
Jokielicious,Jokielicious,2,2
Jokielicious,格竹熊,2,2
Jokielicious,波波阿三头,2,2
Jokielicious,健康加快乐加成长,2,1
Jokielicious,阿卡林省满酔喷愤大煞币,2,1
Jokielicious,北风吹_雪花飘,2,2
Jokielicious,hi_rotiiiiii234,2,1
Jokielicious,野心家锡箔扣,2,2
Jokielicious,红糖馒头真好吃,2,1
Jokielicious,杨文逸木,2,2
Jokielicious,毯子-SerieA,2,2
Jokielicious,飩小雲,2,2
Jokielicious,NeverRarelySometimesAlways2024,2,2
Jokielicious,期待一切好起来的猫,2,2
Jokielicious,0080集齐某航OW了么,2,1
Jokielicious,爱惜玩具芙兰朵,2,1
天地一羽喵,生草字幕组,2,2
_阿枝枝_,生草字幕组,2,2
肌肉阳刚,上帝之鹰_5zn,1,2
王成康Kingod,生草字幕组,2,2
王成康Kingod,阿司匹林42195米,2,2
大脸古板小姐姐,生草字幕组,2,2
只爱斑比,林步里,2,2
只爱斑比,生草字幕组,2,2
牵黄擎猫,上帝之鹰_5zn,1,2
卧虎老老,生草字幕组,2,2
WeverNo,生草字幕组,1,2
梦见我会飞了,上帝之鹰_5zn,2,2
梦见我会飞了,地瓜熊老六,2,2
近卫T-34,生草字幕组,2,2
火燒槓子頭,上帝之鹰_5zn,1,2
Zenobruto,极客红石,2,2
Zenobruto,生草字幕组,2,2
咬一口梅肉肉,生草字幕组,2,2
我实在不知道我该叫什么好,生草字幕组,2,2
一页一页不停留,生草字幕组,1,2
愚者的TARDIS,生草字幕组,2,2
爱惜玩具芙兰朵,生草字幕组,1,2
Devas9,生草字幕组,1,2
Devas9,阿司匹林42195米,1,2
一个院长的思考,上帝之鹰_5zn,2,2
一个院长的思考,上饶郑乐武,2,2
一个院长的思考,起床还是睡觉,2,2
一个院长的思考,林峰心连心,2,2
一个院长的思考,生草字幕组,2,2
一个院长的思考,奔六,2,2
上帝之鹰_5zn,令狐哥20121,2,2
上帝之鹰_5zn,christy_sisi,2,1
上帝之鹰_5zn,生命的过客echo,2,1
上帝之鹰_5zn,日出东方泽润神州,2,1
上帝之鹰_5zn,NovaMapleFNC,2,2
上帝之鹰_5zn,呜乌呜_乌特拉,2,2
上帝之鹰_5zn,赵盛烨,2,2
上帝之鹰_5zn,价值重建之方略,2,2
上帝之鹰_5zn,sheya007,2,1
上帝之鹰_5zn,佳宇明M,2,2
上帝之鹰_5zn,努力过上不用努力想干嘛干嘛的生,2,1
上帝之鹰_5zn,猫叉酱_依绫美学研究,2,2
上帝之鹰_5zn,春光乍暖,2,2
上帝之鹰_5zn,月亮也流浪,2,1
上帝之鹰_5zn,亮光太刺眼,2,2
上帝之鹰_5zn,铭天-过后,2,1
上帝之鹰_5zn,何超穷为三千万奋斗中-Pansy,2,2
上帝之鹰_5zn,李家二猫的小鱼,2,2
上帝之鹰_5zn,先聚焦后改变,2,1
上帝之鹰_5zn,思维背面的操纵者,2,1
上帝之鹰_5zn,南无夜之喵,2,2
上帝之鹰_5zn,于食有福1,2,1
上帝之鹰_5zn,全是垩意,2,1
上帝之鹰_5zn,小熊和甜甜,2,1
上帝之鹰_5zn,青衫仗剑而行,2,1
上帝之鹰_5zn,helloSaSa_Cheung,2,2
上帝之鹰_5zn,gospeng,2,2
上帝之鹰_5zn,江朔,2,2
上帝之鹰_5zn,鹤雪团长,2,2
上帝之鹰_5zn,泠月亮Becky,2,2
上帝之鹰_5zn,麦小犀嘟,2,2
上帝之鹰_5zn,偃月上神,2,2
上帝之鹰_5zn,花渐隐丶,2,1
上帝之鹰_5zn,苍茫大地一凡人,2,1
上帝之鹰_5zn,二不廬,2,2
上帝之鹰_5zn,无固定等式biubiu,2,2
上帝之鹰_5zn,花园里有佩7,2,2
上帝之鹰_5zn,SUNNYMAO,2,2
上帝之鹰_5zn,从善如流2021,2,1
上帝之鹰_5zn,古尔丹丹,2,1
上帝之鹰_5zn,林远鹏小童鞋866,2,2
上帝之鹰_5zn,HOUYIXXX,2,2
上帝之鹰_5zn,一个外表低调内心奢华的人,2,2
上帝之鹰_5zn,至真斋主,2,2
上帝之鹰_5zn,福星红糖,2,2
上帝之鹰_5zn,颇类似门,2,1
上帝之鹰_5zn,scandium21_,2,2
上帝之鹰_5zn,快乐老胡007,2,1
上帝之鹰_5zn,bh常年无节操,2,2
上帝之鹰_5zn,气场真的很重要,2,1
上帝之鹰_5zn,土琵琶88,2,2
上帝之鹰_5zn,中国的海岛,2,2
上帝之鹰_5zn,蝉翼3371893761,2,1
上帝之鹰_5zn,人民团结运动,2,1
上帝之鹰_5zn,周三群盗,2,1
上帝之鹰_5zn,怪力乱神子非语,2,2
上帝之鹰_5zn,蓝天卫士xrs,2,2
上帝之鹰_5zn,AC蓦然回首,2,2
上帝之鹰_5zn,无锡小虫,2,2
上帝之鹰_5zn,克己复礼蒋中正,2,2
上帝之鹰_5zn,我的猫咪叫鸡腿,2,2
上帝之鹰_5zn,Kongzhongdecai虹,2,1
上帝之鹰_5zn,后现代魔术的代价会由所有人承担,2,1
上帝之鹰_5zn,Boulevard,2,2
上帝之鹰_5zn,通州王律师,2,2
上帝之鹰_5zn,月球表面陨石坑组,2,2
上帝之鹰_5zn,小酒窝_CG,2,2
上帝之鹰_5zn,青谷幽兰,2,2
上帝之鹰_5zn,名字被占用被占用被占用,2,1
上帝之鹰_5zn,幸福哈啦世界,2,1
上帝之鹰_5zn,猫子Page1218,2,2
上帝之鹰_5zn,嘉辉cn,2,1
上帝之鹰_5zn,卡维先生,2,1
上帝之鹰_5zn,逻辑引擎,2,2
上帝之鹰_5zn,缪小波波,2,1
上帝之鹰_5zn,王大一面汤馆,2,1
上帝之鹰_5zn,宋文琛,2,2
上帝之鹰_5zn,用户6604780552,2,1
上帝之鹰_5zn,飒死一per肉绒卷,2,2
上帝之鹰_5zn,神也偏爱9527,2,1
上帝之鹰_5zn,镧汐,2,1
上帝之鹰_5zn,天使我是shui,2,2
上帝之鹰_5zn,Mr_-_ken,2,2
上帝之鹰_5zn,家有小老大-Wangbg,2,2
上帝之鹰_5zn,千年老人2016,2,2
上帝之鹰_5zn,璇玑宫二娘子,2,2
上帝之鹰_5zn,S7117,2,2
上帝之鹰_5zn,Ja_Y,2,2
上帝之鹰_5zn,胖乎乎园溜溜,2,1
上帝之鹰_5zn,君君的梦境,2,2
上帝之鹰_5zn,憧憬D_绯红的魔咒,2,2
林峰心连心,奔六,2,2
生草字幕组,师永刚,2,2
生草字幕组,测评小铺,2,2
生草字幕组,-LiZ___,2,2
生草字幕组,白云远望青山,2,1
生草字幕组,重生之我是博美犬,2,2
生草字幕组,偃仰啸九歌,2,1
生草字幕组,XXL号黒猫,2,2
生草字幕组,济宁青年516,2,1
生草字幕组,做不了水仙就蒜了,2,2
生草字幕组,热心的围群观瓜吃众,2,2
生草字幕组,海海_69,2,2
生草字幕组,宇宙產物雅咩蝶,2,2
生草字幕组,富贵熙熙Chloe,2,2
生草字幕组,嘉牌黑芝麻,2,2
生草字幕组,Mugichan_,2,2
生草字幕组,漂漂鬼,2,1
生草字幕组,sirius槿_种草不停安利不息,2,2
生草字幕组,水云影,2,2
生草字幕组,转圈圈的阿银,2,2
生草字幕组,菌临包包只,2,1
生草字幕组,阿转仔,2,2
生草字幕组,夏天不能没有六神,2,1
生草字幕组,冷色苑,2,2
生草字幕组,oliviatian,2,2
生草字幕组,晓雨owo,2,2
生草字幕组,雷姆加夏多,2,2
生草字幕组,靤人,2,2
生草字幕组,Tony-Difference-田中,2,1
生草字幕组,朱颜880804,2,2
生草字幕组,小胖HxH,2,2
生草字幕组,歪太查查,2,2
生草字幕组,Re立花时雨,2,2
生草字幕组,黄昏坠入星河,2,2
生草字幕组,雨霖蕾,2,2
生草字幕组,霍霍霍霍霍霍果,2,2
生草字幕组,qjhjhfhk,2,1
生草字幕组,wilmin_sin,2,2
生草字幕组,你這個應該睡覺,2,1
生草字幕组,奔跑的牛轧糖,2,2
生草字幕组,汤饭加鸡蛋,2,1
生草字幕组,纭渊是只自闭喵,2,2
生草字幕组,呆子爱吃维恰的猪排饭,2,2
生草字幕组,伏八万岁,2,2
生草字幕组,旋怀,2,2
生草字幕组,爱吃葡萄的芝麻糊,2,2
生草字幕组,兔子_时钟塔的学徒,2,2
生草字幕组,YmenLee,2,2
生草字幕组,ZzY_紫叶,2,2
生草字幕组,怪力乱神子非语,2,2
生草字幕组,Yaner菸,2,2
生草字幕组,酱油修,2,1
生草字幕组,有栖千夜,2,2
生草字幕组,自己挑的橙子最甜,2,1
生草字幕组,万国衣冠尽拜冕旒,2,2
生草字幕组,毛哩个毛头,2,2
生草字幕组,大连湾段誉,2,2
生草字幕组,valleyhu污力葫,2,2
生草字幕组,MiaPanda潘达,2,2
生草字幕组,萤火之淼,2,2
生草字幕组,神经病要任性,2,2
生草字幕组,长沙饺子430,2,2
生草字幕组,绪方理奈_,2,2
生草字幕组,努力与丧气搏斗的33君,2,2
生草字幕组,油炸豆腐_GD君,2,2
生草字幕组,丹丹的第一个也许是最后一个号,2,1
生草字幕组,genius_hengheng,2,2
生草字幕组,Elisha_自游吟,2,2
生草字幕组,野生超大型角太郎出现了,2,2
生草字幕组,路口第一家猪肉铺,2,2
生草字幕组,Yeeb_,2,2
生草字幕组,我就是嗓门有点_大,2,2
生草字幕组,蔓蔓蔓越莓曲奇,2,1
生草字幕组,都市怪诞录,2,2
生草字幕组,兔肥圆,2,2
生草字幕组,维肾素Yee,2,2
生草字幕组,清浅年华_忆何起,2,2
生草字幕组,高帅在江南,2,2
生草字幕组,桜塚名月_,2,2
生草字幕组,默墨沏嘁,2,2
生草字幕组,云霭之空,2,2
生草字幕组,咲就是咲,2,2
生草字幕组,理查德托夫斯基,2,2
生草字幕组,一文懒狗,2,2
生草字幕组,理想ni少年_不要加推,2,2
生草字幕组,茶唧唧_狗叠不抽我明天就倒闭,2,2
生草字幕组,Uki是乖孩子,2,2
生草字幕组,布丁丁的修行生涯,2,1
生草字幕组,日本沙雕日常,2,2
生草字幕组,没有醋的馄饨,2,2
生草字幕组,HOCIZORA-霊,2,2
生草字幕组,花奴君安-fjwlily,2,2
生草字幕组,居居超级无敌棒棒棒,2,2
生草字幕组,馆馆今天欧皇了吗,2,2
生草字幕组,听听听听听听-,2,2
生草字幕组,胖豆豆的围脖,2,1
生草字幕组,blossomforu_s,2,2
生草字幕组,元気战車,2,2
生草字幕组,老王在你家,2,2
生草字幕组,_间二甲苯_,2,2
生草字幕组,蘇拾壹,2,2
生草字幕组,不说话就憋得慌,2,1
生草字幕组,努力12点睡觉,2,1
生草字幕组,Krito_z,2,1
生草字幕组,黑心馒头儿,2,2
生草字幕组,PaPaPafter,2,2
生草字幕组,-澄霁-,2,2
生草字幕组,阿砚砚砚烦烦烦,2,2
生草字幕组,律所打工酥可可,2,2
生草字幕组,咪啪魔女,2,2
生草字幕组,薄雪草与尤希尔,2,1
生草字幕组,日本笑死我了,2,2
生草字幕组,果茶不可以,2,2
生草字幕组,你的夏天还好吗_1016,2,2
生草字幕组,鄭小貓_認真活,2,2
生草字幕组,朝朝木木,2,2
生草字幕组,逍遥神剑_用爱发电用生命产粮,2,2
生草字幕组,快乐在远方旅行,2,2
生草字幕组,回居又,2,2
生草字幕组,Vampir冄潇,2,2
生草字幕组,且食_,2,2
生草字幕组,虎焰猫猫,2,2
生草字幕组,智灬花,2,2
生草字幕组,美丽可人899,2,1
生草字幕组,正版笙秋,2,1
生草字幕组,休閒修真组组长少年希,2,2
生草字幕组,绕路东京塔和你,2,1
生草字幕组,乔笙不吃糖,2,1
生草字幕组,boahilary,2,2
生草字幕组,目目目鹿,2,1
生草字幕组,姆汤轩,2,2
生草字幕组,芜宇彤,2,2
生草字幕组,小蝶已经放弃填坑,2,2
生草字幕组,JustAnn-,2,2
生草字幕组,夏天的团小纸,2,1
生草字幕组,RallyLink,2,1
生草字幕组,蓝蓝天空高挂我的梦W,2,2
生草字幕组,小王爱喝乌龙茶,2,2
生草字幕组,辛德瑞痛,2,2
生草字幕组,Hana_佐鳴症晚期,2,2
生草字幕组,羽光千翼,2,2
生草字幕组,奶茶患者-星幕,2,2
生草字幕组,我很酷的的,2,1
生草字幕组,极桃奶芋冻,2,2
生草字幕组,留星火,2,1
生草字幕组,妙龄魔仙,2,1
生草字幕组,熟虾,2,2
生草字幕组,又甜又咸鱼,2,1
生草字幕组,SromanticismL,2,2
生草字幕组,顾一之,2,2
生草字幕组,田田不甜甜,2,2
生草字幕组,Haruhi菁,2,2
生草字幕组,-何求美人折-,2,2
生草字幕组,椰椰水果宾治,2,1
生草字幕组,Din_nnnnnnnnnnnnn,2,2
生草字幕组,zero-零君,2,2
生草字幕组,逆蝶满天飞,2,1
生草字幕组,Hingson,2,2
生草字幕组,___蟹蟹侬,2,2
生草字幕组,呆毛呆在地中海,2,2
生草字幕组,好喜欢脆笋,2,2
生草字幕组,宁睡觉,2,2
生草字幕组,我穿睡衣,2,1
生草字幕组,斗牛飞鱼蹭饭胡,2,2
生草字幕组,J6o6y,2,2
生草字幕组,丶云薰,2,2
生草字幕组,黑海巡航,2,2
生草字幕组,withmayonnaise_n,2,1
生草字幕组,魍兮喵,2,2
生草字幕组,阿远远远远远远远远远,2,2
生草字幕组,Rex无可奉告,2,2
生草字幕组,Bilingforever18,2,2
生草字幕组,非典型性不靠谱三俗伪文孩子爹,2,2
生草字幕组,爱梅家的翅膀君,2,2
生草字幕组,L-children机设梦,2,2
生草字幕组,开晓_,2,2
生草字幕组,LH7-七号少年,2,2
生草字幕组,一那伽一,2,2
生草字幕组,HXJDHXH,2,1
生草字幕组,KKKrystal_W,2,2
生草字幕组,bezhu_,2,2
生草字幕组,野比大雄,2,2
生草字幕组,冷凝水Eku,2,1
生草字幕组,浅草若薇_罐罐,2,2
生草字幕组,潇声逸影,2,2
生草字幕组,乌德卡特洛基,2,2
生草字幕组,注定孤独一生的瓶子,2,2
生草字幕组,大脆鸡排麦满分,2,2
生草字幕组,荆楚南风,2,1
生草字幕组,占星师Crystal,2,2
生草字幕组,蕞巅,2,2
生草字幕组,大盘鸡_Neinei19961222only,2,2
生草字幕组,椒盐椰子片,2,2
生草字幕组,懒癌晚期的圈,2,2
生草字幕组,涂小豆0416,2,2
生草字幕组,作者十月当归,2,2
生草字幕组,禅乐sxc,2,2
生草字幕组,一步一喵,2,2
生草字幕组,Enoki的Lover,2,2
生草字幕组,费奥娜小姐退化论,2,2
生草字幕组,漠九yu,2,2
生草字幕组,喜欢腿精的熊熊,2,2
生草字幕组,京極萌子,2,2
生草字幕组,躲猫猫爱喝豆浆,2,2
生草字幕组,二宫家的星宫汪haruhi,2,2
生草字幕组,咚咚的碎语,2,2
生草字幕组,Amaretto_Fu,2,2
生草字幕组,湘琪_京阿尼纯爱大法hao,2,2
生草字幕组,天凉好个秋yoyoyo,2,1
生草字幕组,香香欧气满满,2,2
生草字幕组,sunlei198508,2,2
生草字幕组,阿嫣被注册了,2,1
生草字幕组,_unknow_Bad_ending,2,2
生草字幕组,zzz小澄,2,2
生草字幕组,凝羽飞ORZ_伯纳乌饮水机一号,2,2
生草字幕组,布里塔尼亚皮皮王,2,2
生草字幕组,涟漪起千浔,2,2
生草字幕组,衔余冲浪板,2,1
生草字幕组,浪漫运作博物馆,2,2
生草字幕组,小明很拉风,2,2
生草字幕组,D君DING丁丁,2,2
生草字幕组,有路芝士布丁,2,2
生草字幕组,幻谲,2,2
生草字幕组,可爱又迷人的viki,2,2
生草字幕组,朕_只是个宝宝,2,2
生草字幕组,小希在日本,2,2
生草字幕组,麻辣小龙虾和快乐水,2,1
生草字幕组,-lookingatstars,2,2
生草字幕组,阿琪的日常,2,2
生草字幕组,酱爆卡兹无法思考,2,2
生草字幕组,空灵辉,2,2
生草字幕组,SAKANA魚酱,2,2
生草字幕组,魔法少年上条当麻,2,2
生草字幕组,寒舞C,2,2
生草字幕组,jay小木,2,2
生草字幕组,Beige_卡其酱,2,1
生草字幕组,Dr_WuGH,2,2
生草字幕组,秋风清水_,2,2
生草字幕组,i蜗牛树,2,2
生草字幕组,eka_emanation,2,2
生草字幕组,倒置箱,2,1
生草字幕组,Senren-M,2,2
生草字幕组,认真的顽固者,2,2
生草字幕组,咚咚馄饨面_sk,2,2
生草字幕组,kiStaRyOng,2,1
生草字幕组,感觉自己运气很好的七,2,2
生草字幕组,大雄不想让哆啦a梦离开,2,2
生草字幕组,李实Sebastian,2,2
生草字幕组,此木不予,2,2
生草字幕组,猫猫猫Morning,2,2
生草字幕组,慕千容丶,2,2
生草字幕组,草莓一只读,2,2
生草字幕组,自带灭火器的法尔多拉贡,2,2
生草字幕组,93号小狗,2,2
生草字幕组,山海尽倾_,2,2
生草字幕组,真FREEDOM-白鼠,2,2
生草字幕组,橙里里_,2,2
生草字幕组,松泥沼中的流,2,1
生草字幕组,龙崎阿绿耶,2,2
生草字幕组,DA懿-充实的豌豆,2,2
生草字幕组,欧洲卷卷,2,2
生草字幕组,海带战士,2,2
生草字幕组,可爱多小布丁碎碎冰,2,1
生草字幕组,Reddragon_klssfs,2,2
生草字幕组,守护小美好Yu,2,1
生草字幕组,快乐养生胖大海,2,2
生草字幕组,rikotan,2,2
生草字幕组,景象Iris,2,2
生草字幕组,大提提916__李泽言0113生日快乐,2,2
生草字幕组,林克校长,2,2
生草字幕组,Carnian_,2,2
生草字幕组,BambooinMay,2,2
生草字幕组,蒙蒙懵懵哒,2,2
生草字幕组,月岚君,2,2
生草字幕组,白夜幽灵,2,2
生草字幕组,猫猫annscat,2,2
生草字幕组,___桑夏,2,2
生草字幕组,小晖晖Zzzz,2,2
生草字幕组,假木头真十一,2,2
生草字幕组,Hotarurururu,2,2
生草字幕组,DM48-大龘靆,2,2
生草字幕组,活够了但又不能死,2,2
生草字幕组,幻橙草莓,2,2
生草字幕组,Accompany一3一,2,2
生草字幕组,张水水的云朵,2,1
生草字幕组,请给我智慧的头脑吧,2,2
生草字幕组,Adesso,2,2
生草字幕组,二二得七七四十九,2,2
生草字幕组,再来两大碗vv,2,1
生草字幕组,省省油的灯1,2,1
生草字幕组,子车末32O,2,2
生草字幕组,晓月清风2012,2,1
生草字幕组,鹿精霖_7,2,2
生草字幕组,淦淦鸭,2,2
生草字幕组,神隐的某暖,2,2
生草字幕组,Evein默谌,2,2
生草字幕组,秦小驹Alex吃洋芋只吃马尔科,2,2
生草字幕组,土星少女惡凜AKURinnnnnn,2,2
生草字幕组,吳Xiao花,2,2
生草字幕组,Lilith就是Lilith,2,2
生草字幕组,泽维尔天赋青少年学院-保安-丞叽,2,2
生草字幕组,尛晴天Sweet,2,2
生草字幕组,阿阿阿阿阿阿阿银,2,2
生草字幕组,艾欧泽亚在逃陆行鸟,2,2
生草字幕组,浴盐顶的灭火器,2,1
生草字幕组,疯扯扯铲屎官,2,1
生草字幕组,蛋白质泡酒,2,2
生草字幕组,盈雪Tifosi,2,2
生草字幕组,岡崎鏡,2,2
生草字幕组,月清玄_祥风时雨,2,2
生草字幕组,可颂carol,2,1
生草字幕组,夷陵有逊,2,2
生草字幕组,胭脂晕染了谁的流年48690,2,1
生草字幕组,唐小萻,2,2
生草字幕组,腾可夫切尔斯基,2,2
生草字幕组,重生之我在北极圈挨饿,2,1
生草字幕组,instoz,2,2
生草字幕组,-·纸袋子,2,2
生草字幕组,深黑薄荷,2,2
生草字幕组,一轮大大大月亮,2,2
生草字幕组,木少春十一,2,2
生草字幕组,torrachel,2,2
生草字幕组,云与兔的彼岸,2,2
生草字幕组,云老墨,2,2
生草字幕组,-安夜夜-,2,2
生草字幕组,刀小十,2,2
生草字幕组,不达目标不改名呢,2,2
生草字幕组,冰镇苹果,2,2
生草字幕组,hanaiba,2,2
生草字幕组,荔苓,2,1
生草字幕组,EmbraceBeforeSunrise,2,2
生草字幕组,乐文同,2,1
生草字幕组,十四有只小羊羔,2,2
生草字幕组,拉弗斯达瑞_121037,2,2
生草字幕组,s山也不过来,2,2
生草字幕组,roboot罗卜_,2,2
生草字幕组,慕云初_永远在减肥,2,2
生草字幕组,恶魔的兔头,2,2
生草字幕组,小静啾啾啾,2,2
生草字幕组,弗雷德里克小王纸,2,2
生草字幕组,南陌兰薰浅,2,1
生草字幕组,火野苍叶,2,2
生草字幕组,小v2滴粑粑_想看成长滴烦恼,2,2
生草字幕组,舞凌_待机中,2,2
生草字幕组,荷叶复活2号机,2,1
生草字幕组,去汉堡王吃一顿吧,2,1
生草字幕组,健忘心园,2,2
生草字幕组,用户6447522588,2,1
生草字幕组,稻草味的喵尾巴,2,2
生草字幕组,北极兔生产中心,2,1
生草字幕组,Call_me_Biscuit-SAMA,2,2
生草字幕组,星海成,2,2
生草字幕组,百事256,2,2
生草字幕组,Tracy_棠棣荼靡,2,2
生草字幕组,绝味鸭bo,2,2
生草字幕组,板烧麦呢鸡腿堡,2,2
生草字幕组,夜满月Crystal,2,2
生草字幕组,大丁侠,2,1
生草字幕组,冰镇菠萝_打工版,2,1
生草字幕组,王太弱,2,2
生草字幕组,流星有一条过长的尾巴,2,2
生草字幕组,活的就像一绺韭菜,2,1
生草字幕组,古早贝,2,1
生草字幕组,Marshal同学,2,2
生草字幕组,-叶尼美,2,2
生草字幕组,爱与正义的味方业桑,2,2
生草字幕组,聪明又机智,2,2
生草字幕组,椿山言夏,2,2
生草字幕组,aka注意身体啊,2,2
生草字幕组,三堂木,2,1
生草字幕组,便携叉子和勺子,2,2
生草字幕组,dandelion珊珊,2,1
生草字幕组,肥神索尔,2,2
生草字幕组,草莓夹心雪丽糍,2,2
生草字幕组,xixi很二哈,2,1
生草字幕组,红豆原子牛奶糖,2,2
生草字幕组,-魚魚魚啊-,2,1
生草字幕组,瑞德潘妲,2,2
生草字幕组,tangjiayu00,2,1
生草字幕组,重生的小汐00,2,1
生草字幕组,K921沭,2,2
生草字幕组,海拉鲁高级厨师,2,2
生草字幕组,虹域,2,2
生草字幕组,瑟瑟发抖的Miori酱,2,2
生草字幕组,shiroikoinu,2,1
生草字幕组,饭饭饭饭饭QBao,2,2
生草字幕组,今天也要吃多多OvO,2,2
生草字幕组,Rachel-J,2,2
生草字幕组,总是不开心的cookie,2,2
生草字幕组,小小板栗水中游_RX,2,2
生草字幕组,井小希_劉Kiki,2,2
生草字幕组,财神森塞是银參导师,2,2
生草字幕组,F星吃肉小能手,2,2
生草字幕组,kikyo様挥别夏天,2,1
生草字幕组,芦苇叶er,2,2
生草字幕组,月亮上的卡古拉,2,2
生草字幕组,江無岸渡,2,2
生草字幕组,吴玟枫,2,2
生草字幕组,咸鱼不想上班_,2,1
生草字幕组,at工口小魚专用bot,2,2
生草字幕组,KamenRiderJessica,2,2
生草字幕组,-老实人老实-,2,2
生草字幕组,绯宥,2,2
生草字幕组,Titere,2,2
生草字幕组,Doo想要交朋友,2,2
生草字幕组,布塔欧塔库,2,2
生草字幕组,F-陷入财政危机,2,2
生草字幕组,东了个厢,2,2
生草字幕组,Augorangemurmur,2,2
生草字幕组,傻傻呆呆要挣钱,2,2
生草字幕组,九毛里美,2,1
生草字幕组,缪粘粘,2,2
生草字幕组,练总今天出货了吗,2,2
生草字幕组,克鲁莫莫official,2,2
生草字幕组,元气少女郭de纲-,2,2
生草字幕组,Haveneverbeen,2,2
生草字幕组,我是脑瘫,2,2
生草字幕组,漆辉薛定谔,2,1
生草字幕组,kumo_极天流星雨,2,2
生草字幕组,一期一会又谈何容易,2,2
生草字幕组,摇花放鹰,2,2
生草字幕组,薄荷星星乐,2,2
生草字幕组,Eli_螺,2,2
生草字幕组,魔幻新东方,2,1
生草字幕组,日理万机el,2,2
生草字幕组,财神爷非关门弟子,2,2
生草字幕组,白菜菜nini,2,1
生草字幕组,闪闪发光猪猪,2,2
生草字幕组,半魂不是半魂莲,2,2
生草字幕组,爱抖李易峰,2,2
生草字幕组,速溶知了,2,2
生草字幕组,mmk-in,2,2
生草字幕组,以后再也不用名字刷围脖了恩,2,2
生草字幕组,宝宝酱扛起胖狐俪就跑,2,2
生草字幕组,你穿这身军装真好看,2,2
生草字幕组,_超尘,2,2
生草字幕组,翘屁嫩牛五方,2,2
生草字幕组,普鲁士蓝啊-,2,2
生草字幕组,坂多多,2,2
生草字幕组,yfishwu,2,1
生草字幕组,愿人生如微醺,2,1
生草字幕组,白石洲旧改,2,1
生草字幕组,YOUSII星人,2,1
生草字幕组,杉玖霖,2,2
生草字幕组,不想八九,2,2
生草字幕组,Master库丘林,2,2
生草字幕组,Befeater,2,2
生草字幕组,给佬黄佬给,2,2
生草字幕组,小小已下线,2,2
生草字幕组,starandtears,2,2
生草字幕组,-你珍漂亮,2,2
生草字幕组,老公让我改名,2,2
生草字幕组,shinny214,2,2
生草字幕组,一跃猫,2,2
生草字幕组,啊噗噗dy,2,2
生草字幕组,我真的不是汪娅,2,2
生草字幕组,甜屿安年,2,2
生草字幕组,安文戟,2,2
生草字幕组,期待咩咩solo二巡的暖暖,2,2
生草字幕组,种田绫音,2,2
生草字幕组,Mizuki765,2,2
生草字幕组,女王丫,2,1
生草字幕组,一只唧仔_,2,2
生草字幕组,葡萄沙冰不太甜,2,1
生草字幕组,梦子桑,2,2
生草字幕组,此人多半有病_爱恨恨不恨滚,2,2
生草字幕组,一级狗塑玩家,2,2
生草字幕组,洋姜女侠,2,2
生草字幕组,克布拉abc,2,1
生草字幕组,AAA_______,2,1
生草字幕组,豆豆zylong,2,2
生草字幕组,赵铁柱xztz,2,2
生草字幕组,C-幻化為風,2,2
生草字幕组,伊吹茶依,2,2
生草字幕组,Unknown猥瑣阿叔,2,2
生草字幕组,呜爷_不是驴蛋蛋是大英帝国,2,2
生草字幕组,霉丙饼,2,1
生草字幕组,啊鸡米德-杰克布,2,2
生草字幕组,妮米潘,2,2
生草字幕组,崧崧崧蓝,2,1
生草字幕组,in酱卡米尼纳洛,2,2
生草字幕组,yoooo條,2,2
生草字幕组,堕落富婆,2,2
生草字幕组,用户6196449150,2,1
生草字幕组,heyZHIJUN,2,2
生草字幕组,zhdueknddbje,2,2
生草字幕组,拉郎之神选中的少女,2,1
生草字幕组,叽叽叽叽不背锅,2,2
生草字幕组,好八尾猫,2,2
生草字幕组,贺小玩,2,1
生草字幕组,你是宇宙人吗,2,1
生草字幕组,-randare-,2,2
生草字幕组,冷心市民大润发杀鱼师傅,2,2
生草字幕组,饼子脸杏儿眼,2,2
生草字幕组,只想咸鱼的阕阕,2,2
生草字幕组,一条咸鱼伽蓝蓝,2,2
生草字幕组,弯弯--真名叫二狗,2,2
生草字幕组,名侦探李白白,2,2
生草字幕组,咖喱mo,2,1
生草字幕组,零_Kamui,2,2
生草字幕组,从不缺德数码,2,2
生草字幕组,初歇歇,2,2
生草字幕组,暗子Rickyl_ColdFlash,2,2
生草字幕组,omi兔,2,1
生草字幕组,甜家一颗大白菜,2,2
生草字幕组,菌夏_,2,2
生草字幕组,Dogfight00_30,2,1
生草字幕组,璟云杯杯,2,2
生草字幕组,图二碗,2,2
生草字幕组,恰恰恰恰恰比w,2,2
生草字幕组,Tiger种菜籽,2,2
生草字幕组,任以若,2,2
生草字幕组,_洒洒水_,2,1
生草字幕组,眼镜猫miwumiwu,2,2
生草字幕组,城市CITY,2,1
生草字幕组,九歌-风铃唯不忘相思,2,2
生草字幕组,水太深一口闷,2,1
生草字幕组,跑不快的番茄,2,2
生草字幕组,派洛特,2,1
生草字幕组,非裔欧洲人,2,2
生草字幕组,乾雨雨雨,2,1
生草字幕组,奶憂糯米糍_,2,2
生草字幕组,茶叶蛋呀吃卤蛋,2,2
生草字幕组,ballban_铅笔,2,2
生草字幕组,妇女之敌罗严塔,2,2
生草字幕组,月海夜空,2,2
生草字幕组,咯噔·墙角菌,2,2
生草字幕组,想泡明希的栗子,2,2
生草字幕组,薄荷绿冰淇淋,2,2
生草字幕组,圆小媛不圆圆,2,2
生草字幕组,-云鹤景从,2,2
生草字幕组,网瘾型乌川子,2,1
生草字幕组,时雨飞飞,2,2
生草字幕组,Baymax国安人,2,2
生草字幕组,v方块与海龟101,2,2
生草字幕组,一只黄果果,2,2
生草字幕组,做一条笔直的咸鱼,2,2
生草字幕组,福根梅克斯,2,2
生草字幕组,小五風茶,2,2
生草字幕组,yuki萌得嘶喵,2,2
生草字幕组,同担拒傻的卯月-努力存钱,2,2
生草字幕组,黯然的JACK_余文傑,2,2
生草字幕组,芋圆昭芷,2,2
生草字幕组,最重要当然是健康啦,2,2
生草字幕组,EG-Pangya岛上的辛八,2,1
生草字幕组,NIANYU2560,2,2
生草字幕组,嘉仔噼里啪啦,2,1
生草字幕组,港城水冰月,2,2
生草字幕组,高效过敏人士,2,2
生草字幕组,JHH是阿瓜的宝,2,2
生草字幕组,GUUxJOY,2,2
生草字幕组,取个网名吧123,2,2
生草字幕组,笛卡臣,2,2
生草字幕组,卡卡卡卡卡卡卡门Carmen,2,2
生草字幕组,Poooooooky,2,2
生草字幕组,ZzzQ丶,2,2
生草字幕组,凶鸟你快来救救我,2,1
生草字幕组,阿-璟,2,1
生草字幕组,工-口-局-大-叔-肥文,2,2
生草字幕组,村口玩泥巴,2,1
生草字幕组,娱乐制造器,2,2
生草字幕组,谁不看卡尔维诺,2,1
生草字幕组,一乗寺愛羅武勇,2,2
生草字幕组,-载水千山-,2,2
生草字幕组,酥梨naka,2,2
生草字幕组,卷毛将将,2,2
生草字幕组,顶流非著名散粉_耳享,2,2
生草字幕组,小明的爷爷,2,2
生草字幕组,何事同去不同归-,2,1
生草字幕组,-mokiko-,2,2
生草字幕组,栗栀脆脆,2,1
生草字幕组,AKI_roimi,2,2
生草字幕组,AAKI9,2,2
生草字幕组,YESDRUNK,2,1
生草字幕组,水瞱,2,1
生草字幕组,Slim__,2,2
生草字幕组,这辈子想养只布偶猫,2,1
生草字幕组,你Taken尼桑,2,2
生草字幕组,BYEBYEXINGXIN,2,2
生草字幕组,正在提交__,2,1
生草字幕组,无糖可以,2,2
生草字幕组,Shaoyan树,2,2
生草字幕组,我原来还叫花花,2,2
生草字幕组,Leotongfei爸,2,2
生草字幕组,灵吸虫吸食我的大脑,2,2
生草字幕组,香菜红豆方糕,2,1
生草字幕组,_夜行列車,2,2
生草字幕组,糖葱馒头尼糯米,2,2
生草字幕组,阿烛_甜心栗子糕,2,2
生草字幕组,金目A梦,2,2
生草字幕组,宣城太守知不知x,2,2
生草字幕组,潇洒的阳光桑,2,2
生草字幕组,布加拉提拉米苏,2,1
生草字幕组,Gerizim_,2,2
生草字幕组,不虐不虐不虐不虐要吉利的名字,2,2
生草字幕组,奶酒ShakeShakeBoom,2,2
生草字幕组,唯_Daydream,2,2
生草字幕组,一抹茶烟透碧砂灬,2,2
生草字幕组,宇都,2,2
生草字幕组,学啥都别学护理,2,2
生草字幕组,MrOJOyN_,2,2
生草字幕组,小陆生煎,2,2
生草字幕组,monelle,2,2
生草字幕组,匿名网友8886,2,2
生草字幕组,Norr_Tatsuta,2,2
生草字幕组,piko和kobe,2,2
生草字幕组,吧挞_海螺,2,1
生草字幕组,CC-yume,2,2
生草字幕组,--Violet--,2,2
生草字幕组,ID再不改就要被人认出来了,2,2
生草字幕组,我會看看再亂說話,2,1
生草字幕组,浅蓝传说,2,2
生草字幕组,xxANFLA,2,2
生草字幕组,貔貅趴枕,2,2
生草字幕组,行走的小号,2,1
生草字幕组,礼拜七去抓派大星-,2,1
生草字幕组,浠妙祝各位寻得所爱,2,2
生草字幕组,Bobby唐夕荣,2,2
生草字幕组,瓜皮瓜皮瓜瓜皮皮,2,2
生草字幕组,瓦素旺旺小妍,2,2
生草字幕组,千年傻瓜Young,2,2
生草字幕组,外村樱,2,2
生草字幕组,2_Seven7,2,2
生草字幕组,E小業,2,1
生草字幕组,雪莉酒监护人_摸鱼版,2,2
生草字幕组,柚子贝,2,1
生草字幕组,紫薯蓣包子,2,2
生草字幕组,少我一个也可以的外出务工者,2,1
生草字幕组,SHIRATAMA_KIN,2,1
生草字幕组,沐熙谶语,2,2
生草字幕组,想吃好吃的饭酱,2,1
生草字幕组,深攸,2,1
生草字幕组,anonees,2,2
生草字幕组,三十岁的林老阿姨,2,2
生草字幕组,阿cici,2,2
生草字幕组,冷雪晴,2,2
生草字幕组,小何水刘悦龙门,2,2
生草字幕组,温叨叨不叨叨,2,1
生草字幕组,大仙儿要努力修行,2,2
生草字幕组,娘娘纯真烂漫你们可懂,2,2
生草字幕组,闰闰每天都想睡觉,2,1
生草字幕组,牵牛妈,2,2
生草字幕组,MarCH_Tiia,2,2
生草字幕组,爆浆臭豆腐,2,2
生草字幕组,抱紧自己的嘎嘎嘎洛宛,2,2
生草字幕组,凸凸鸟,2,2
生草字幕组,广东小栗子,2,2
生草字幕组,33de99,2,2
生草字幕组,嘉菲哈哈哈哈哈哈哈哈哈哈哈哈哈,2,2
生草字幕组,二蛋xxxXD,2,2
生草字幕组,BlueRibbonsonIce,2,2
生草字幕组,_蔡太辣,2,2
生草字幕组,阿岚懒懒谰谰,2,2
生草字幕组,提家小雅,2,1
生草字幕组,熊猫de豆腐,2,2
生草字幕组,顾子熹·,2,2
生草字幕组,不要着灯能否先让我摸黑闷一棍,2,2
生草字幕组,Ladysopunk,2,2
生草字幕组,溟雪与凌歌,2,2
生草字幕组,lilianne,2,2
生草字幕组,sunlyn_chou,2,2
生草字幕组,胖达酱_胖次掉了嘛咪嘛咪哄,2,1
生草字幕组,熊小样bear,2,1
生草字幕组,林笑笑1106,2,2
生草字幕组,江湖二姨,2,2
生草字幕组,胶佬WJ,2,2
生草字幕组,一一二三二一二,2,2
生草字幕组,日啖薯片三百片,2,1
生草字幕组,牛小栀,2,2
生草字幕组,幻幻跑来拢一拢,2,2
生草字幕组,啊鼠---懒癌爆发中,2,2
生草字幕组,小欣爱小白,2,2
生草字幕组,天上有个茕茕哇,2,2
生草字幕组,拒绝刹车使劲儿踩,2,1
生草字幕组,保护好自己的那颗糖,2,2
生草字幕组,Jikexx叉3,2,2
生草字幕组,药不能停的大陌陌,2,2
生草字幕组,此符子非彼抚子,2,2
生草字幕组,ennkouunn77,2,2
生草字幕组,老舗葵丸小路,2,2
生草字幕组,随时为老婆战斗,2,2
生草字幕组,墨菲斯law,2,2
生草字幕组,Kithwith,2,2
生草字幕组,蘑菇殿下_药药君,2,2
生草字幕组,松果小咸鱼,2,2
生草字幕组,进击的ding君,2,2
生草字幕组,用这个号关注垃圾号的是某浪,2,2
生草字幕组,知道松哥嗎,2,2
生草字幕组,進擊吧魚仔,2,2
生草字幕组,DS云淡风轻,2,1
生草字幕组,皮卡皮卡啾玖jiu呀,2,1
生草字幕组,秋家有骡小十三,2,2
生草字幕组,万俟乖是莫奇怪吖,2,2
生草字幕组,病人红桃六,2,2
生草字幕组,土豆的叶子何时开花,2,2
生草字幕组,愿此生终抵群星,2,2
生草字幕组,歐楓子_Agora,2,2
生草字幕组,当仙草遇到烧仙草,2,2
生草字幕组,一条小鱼天宇,2,1
生草字幕组,半块滑板,2,2
生草字幕组,樱桃小劉同学,2,2
生草字幕组,湖蓝火焰,2,2
生草字幕组,扔掉打翻的牛奶,2,1
生草字幕组,doki4meo,2,2
生草字幕组,Peaches_一只卷卷·_·,2,2
生草字幕组,奈奈梳_Summer,2,2
生草字幕组,-可可火山-,2,1
生草字幕组,何大安要努力,2,2
生草字幕组,毒銀河,2,1
生草字幕组,纯k歌姬宫内盖盖子,2,2
生草字幕组,白纱布喵,2,2
生草字幕组,林川优选,2,2
生草字幕组,_感觉不会再水了,2,2
生草字幕组,OrangeHotChocolate,2,1
生草字幕组,影schumacher,2,2
生草字幕组,寅x鱼香脆皮鸡x作画本介绍,2,2
生草字幕组,迷sasa,2,2
生草字幕组,孑然独行_G,2,2
生草字幕组,Miss垚垚垚,2,2
生草字幕组,头-退坑版,2,2
生草字幕组,665-s,2,2
生草字幕组,猫大金生存战略中,2,2
生草字幕组,绯星_红星战队,2,2
生草字幕组,社畜需要保护颈椎,2,2
生草字幕组,苓溪1999,2,1
生草字幕组,孤独的守夜者-,2,2
生草字幕组,Panpan-吖,2,1
生草字幕组,夭蛾子精,2,2
生草字幕组,咸柑橘子树,2,1
生草字幕组,高手GPT,2,2
生草字幕组,我耶布冻,2,1
生草字幕组,王小亚,2,2
生草字幕组,百万甜心美少女,2,1
生草字幕组,oyodong_,2,2
生草字幕组,Magician_LLL,2,2
生草字幕组,虹茶想退休,2,2
生草字幕组,墨夷六明,2,2
生草字幕组,AK爱永远_相忘于江湖,2,2
生草字幕组,魔法少年Reisi,2,2
生草字幕组,SY__Chan,2,2
生草字幕组,千叶_不知不觉一堆墙头,2,2
生草字幕组,MISS雨无声,2,1
生草字幕组,何許人吔,2,2
生草字幕组,草帽小王妃,2,2
生草字幕组,清水千果-Flwyc,2,2
生草字幕组,踏尋銀河,2,2
生草字幕组,查哈日,2,1
生草字幕组,静观朝槿Jennifer,2,2
生草字幕组,枕下有书,2,1
生草字幕组,gray_may黑化版,2,2
生草字幕组,卓眼de夏娜,2,2
生草字幕组,牛乳_成分复杂,2,2
生草字幕组,将离Ci,2,2
生草字幕组,你喜欢吃小鱼饼吗,2,1
生草字幕组,樾下春笙,2,2
生草字幕组,Abudee,2,2
生草字幕组,都市废人叶小落,2,2
生草字幕组,xxxxtentx,2,1
生草字幕组,青蛙3_3卷毛狒狒,2,2
生草字幕组,摩羯座的伪装是坚强,2,2
生草字幕组,中途半端二宫小饼,2,2
生草字幕组,贞德斯凯,2,2
生草字幕组,咩肚几生胖气一个头两个大,2,1
生草字幕组,2777SOM-Y,2,2
生草字幕组,打南边来了个煎饼果子,2,1
生草字幕组,papaya928,2,2
生草字幕组,維斯君_只想賺錢,2,2
生草字幕组,樱姿琳,2,2
生草字幕组,裳裳华,2,1
生草字幕组,吃瓜小组成员,2,1
生草字幕组,黑夜利亚,2,2
生草字幕组,老师看见我家佐了吗,2,1
生草字幕组,倒斗神瓶,2,2
生草字幕组,GJ_Angel--VC,2,2
生草字幕组,陪你去看冬天的海_,2,2
生草字幕组,译水_27,2,2
生草字幕组,没钱喝白开水,2,1
生草字幕组,残草凝烟,2,2
生草字幕组,MarshMallow_大11,2,2
生草字幕组,脱脱裸莉,2,2
生草字幕组,衡竖衡,2,1
生草字幕组,抹茶芭咖,2,2
生草字幕组,耗子酱的微博,2,2
生草字幕组,月-球-人,2,1
生草字幕组,-壹只大白呃-,2,2
生草字幕组,超银河宇宙帝皇地鐵,2,2
生草字幕组,今日之日须臾期,2,1
生草字幕组,萌萌的小学生迷梦,2,2
生草字幕组,Sea的野蛮生长,2,1
生草字幕组,bobo的bobi,2,2
生草字幕组,蚀月之幕,2,2
生草字幕组,用餐咯,2,2
生草字幕组,Asuka_Doudou,2,2
生草字幕组,601素文,2,2
生草字幕组,水麦麦麦麦高芬,2,2
生草字幕组,-逢魔刻-,2,1
生草字幕组,cool到无朋友,2,1
生草字幕组,柔弱无助张屠户,2,2
生草字幕组,呱斯密碼,2,2
生草字幕组,秋风假使知我梦,2,1
生草字幕组,横二又立,2,2
生草字幕组,晗暑佳ouo,2,2
生草字幕组,爱喵的肉垫君,2,2
生草字幕组,好想变成春日的落花烂在泥里,2,1
生草字幕组,115_128,2,2
生草字幕组,守心-克己,2,1
生草字幕组,筱然-若水,2,1
生草字幕组,团春,2,2
生草字幕组,醉醉醉醉漂漂漂漂,2,2
生草字幕组,超新星--爆炸,2,2
生草字幕组,燒---meoi---麥,2,2
生草字幕组,太中牌甜狗,2,1
生草字幕组,Mpx阿橙Charlian,2,2
生草字幕组,wGslMq,2,2
生草字幕组,我是NatureQ,2,2
生草字幕组,mirio是唯一的小天使_喵酱,2,2
生草字幕组,是傻噜呀,2,2
生草字幕组,七冠梨子汁,2,2
生草字幕组,灰色的死小孩_立志成为家里蹲,2,1
生草字幕组,Civic_剡溪,2,1
生草字幕组,人到中年只长肉的咕咕肉,2,2
生草字幕组,budchen魔鬼肌肉人,2,2
生草字幕组,大頭这个名已经有人取了,2,1
生草字幕组,PurplePeopleEater,2,2
生草字幕组,雷欧力_Mishaley_突然君,2,2
生草字幕组,哈哈大王的快乐生活,2,1
生草字幕组,混沌骑士王三海_S,2,2
生草字幕组,乐活女王Lohas,2,2
生草字幕组,韬韬想喝LCL,2,1
生草字幕组,翧羽_Nagisa,2,2
生草字幕组,辛巴爸_,2,1
生草字幕组,真理tt,2,2
生草字幕组,慌张什么_,2,1
生草字幕组,ntc少年天地李小营,2,1
生草字幕组,玖柒85小太阳,2,2
生草字幕组,葉桜·,2,2
生草字幕组,竹纸森森酥,2,2
生草字幕组,yizhenshi,2,1
生草字幕组,银子-初云,2,2
生草字幕组,白芨,2,2
生草字幕组,跑火车的NINOMI,2,2
生草字幕组,闪SKXung,2,2
生草字幕组,玉sama_要涨图力,2,2
生草字幕组,莹莹Jul7,2,2
生草字幕组,吉本炎上,2,2
生草字幕组,旮旯可喜,2,2
生草字幕组,玛莉子的日常生活,2,2
生草字幕组,AubeduReve,2,2
生草字幕组,默认酱,2,1
生草字幕组,梨嫣_大概是浔汓,2,1
生草字幕组,牙牙牙牙呀嘿,2,2
生草字幕组,线性时不变的copy,2,1
生草字幕组,高牛奶_Milkko,2,2
生草字幕组,一罐白酱,2,2
生草字幕组,夏日海豚66,2,2
生草字幕组,懒癌晚期无药医de假发子,2,2
生草字幕组,游奈_,2,2
生草字幕组,千年老人2016,2,2
生草字幕组,-米斯蒂娅_萝蕾拉-,2,2
生草字幕组,Lenixer,2,2
生草字幕组,K_Testarossa,2,2
生草字幕组,七宸殿,2,2
生草字幕组,小虎牙_啊,2,1
生草字幕组,formsweetform,2,2
生草字幕组,拿铁真的会胖吗,2,1
生草字幕组,有可能相交的平行线,2,2
生草字幕组,曦玥Angelica,2,2
生草字幕组,阮潏,2,2
生草字幕组,林波波LINBOBO,2,1
生草字幕组,哈栗卤鸭,2,2
生草字幕组,小蜗优悠,2,1
生草字幕组,张有容_怒放ing,2,2
生草字幕组,克劳德LX,2,2
生草字幕组,酩歌不歇,2,2
生草字幕组,一入绯色深似海,2,2
生草字幕组,Sarcastically_,2,1
生草字幕组,-阿呆呆啊-,2,2
生草字幕组,TOP昂大萌,2,2
生草字幕组,魔法噫嘘嚱狗狗,2,1
生草字幕组,龙猫还睡懒觉,2,1
生草字幕组,一枝章鱼烧,2,1
生草字幕组,苦海无涯回头是俺-,2,1
生草字幕组,打喷嚏的兔子ryz,2,1
生草字幕组,武装的萨摩耶,2,2
生草字幕组,H_明惠,2,1
生草字幕组,SecSoul小逗比,2,2
生草字幕组,keysword_,2,1
生草字幕组,炭烧鱼楠,2,2
生草字幕组,GalloptoLumen,2,2
生草字幕组,吃货蝎要穿毛裤,2,2
生草字幕组,連載再開,2,1
生草字幕组,叶界mei良心,2,1
生草字幕组,-羚羊儿-,2,2
生草字幕组,赤羽99,2,2
生草字幕组,易半寒,2,1
生草字幕组,浅到深处自然黑,2,2
生草字幕组,士哆啤梨苹果橙_,2,2
生草字幕组,0_-px,2,1
生草字幕组,Buniver_sv,2,2
生草字幕组,目前居住在教授隔壁,2,1
生草字幕组,乱凪砂全肯定bot,2,1
生草字幕组,饼干奶茶少冰换青观音茶底谢谢,2,2
生草字幕组,看取眉头鬓上_,2,1
生草字幕组,lnmlmm璞,2,1
生草字幕组,莲子红豆双皮奶,2,2
生草字幕组,天恋玉,2,2
生草字幕组,无边桃炎,2,2
生草字幕组,旋风杰瑞,2,2
生草字幕组,L艾露Alisa·R,2,2
生草字幕组,糖嘎嘎,2,1
生草字幕组,Hitoriaruki,2,1
生草字幕组,郁子YIKUKO_,2,2
生草字幕组,大豆钭江明,2,3
生草字幕组,不爱想的源子,2,2
生草字幕组,关爱巴熊外貌_炫,2,2
生草字幕组,十一铃君,2,1
生草字幕组,勇者也就是学生,2,1
生草字幕组,MCMCG,2,2
生草字幕组,寻爱云这个精分_二凰,2,1
生草字幕组,得瑟完以后得嘚啵嘚啵,2,2
生草字幕组,兔_梓_其实有个英文名叫Azusa,2,2
生草字幕组,吃甜的白日梦,2,2
生草字幕组,爱睡午觉的企鹅,2,2
生草字幕组,故人有清酒,2,2
生草字幕组,翻滚的陌生,2,2
生草字幕组,厘澈,2,2
生草字幕组,角落生物-耳总,2,2
生草字幕组,喵呜骑士,2,1
生草字幕组,远征毒瘤小尹本尹,2,2
生草字幕组,上官二月,2,2
生草字幕组,葉落在吃橘子,2,1
生草字幕组,_KH无限退步,2,1
生草字幕组,修罗城之瞳,2,2
生草字幕组,廸廸Wang,2,2
生草字幕组,黄埔特战队格斗教员,2,1
生草字幕组,蛋蛋de自留地,2,2
生草字幕组,沽酒就花眠l,2,1
生草字幕组,WM果糖痴迷-ZWZ,2,2
生草字幕组,justnou,2,1
生草字幕组,溪风ora,2,2
生草字幕组,咦夷则三,2,1
生草字幕组,黑貓的亡靈_血,2,2
生草字幕组,五行属懒喜金,2,1
生草字幕组,啊喵啊喵啊,2,2
生草字幕组,安神养心丸,2,2
生草字幕组,冰片儿,2,2
生草字幕组,英俊潇洒的呆毛,2,1
生草字幕组,沐昱酱,2,2
生草字幕组,雪梨烨,2,2
生草字幕组,moge小九,2,2
生草字幕组,居狸狸哩,2,2
生草字幕组,凉宫说要有光,2,1
生草字幕组,如雨蔷薇,2,2
生草字幕组,大y的生活_本,2,1
生草字幕组,是这句话伤你心了吗,2,2
生草字幕组,-kari-,2,2
生草字幕组,Mooo波波莎re,2,2
生草字幕组,咔嚓团儿,2,2
生草字幕组,寻甲猎犬,2,2
生草字幕组,咔咔咔-_,2,2
生草字幕组,初阳花火,2,1
生草字幕组,漫无目的漫漫,2,2
生草字幕组,HelenatheSirius,2,2
生草字幕组,心情好才是真滴好,2,1
生草字幕组,ing嘤,2,1
生草字幕组,可爱猫咪小绒绒,2,2
生草字幕组,Solar野,2,2
生草字幕组,硫酸氛净烷洗涤灵胶囊,2,1
生草字幕组,伊丽莎白欧霹扣,2,2
生草字幕组,鱼子酱是坑神XD-26,2,2
生草字幕组,少熬夜多睡觉zz,2,2
生草字幕组,Mademoiselle_XuXu,2,1
生草字幕组,路过的普通热血男儿流星,2,2
生草字幕组,诺不,2,2
生草字幕组,奥特曼不要哭发光的眼睛会短路,2,2
生草字幕组,甜橘甜甜甜,2,1
生草字幕组,oO十早月Oo,2,2
生草字幕组,折木奉太郎厨,2,2
生草字幕组,PB大叔-本命麒麟,2,2
生草字幕组,一只蟹簧包,2,2
生草字幕组,凰老汉,2,2
生草字幕组,戳今天有点秃然,2,2
生草字幕组,你的ssp-405,2,1
生草字幕组,天光久黄昏,2,2
生草字幕组,御平子,2,2
生草字幕组,阿棠加油,2,1
生草字幕组,煤球阿鸿每日搬砖淦,2,2
生草字幕组,七弦淡然,2,2
生草字幕组,不存在的秃子,2,2
生草字幕组,熊猫牌牛奶,2,2
生草字幕组,kicel_,2,2
生草字幕组,烧瓶斯基Flasky,2,2
生草字幕组,uu小周,2,2
生草字幕组,趴趴团子,2,1
生草字幕组,不zuo的ph-4,2,2
生草字幕组,诺糖心三只小宝的日常,2,2
生草字幕组,疯癫的老鱼,2,2
生草字幕组,流江倚冷风,2,1
生草字幕组,麦香型小狗,2,2
生草字幕组,叶子_Official_,2,2
生草字幕组,ILSELEVEN,2,2
生草字幕组,并且向你丢了一颗大师级米,2,2
生草字幕组,阳光晒晒,2,2
生草字幕组,水酿樱桃,2,1
生草字幕组,晋江凌霖子,2,2
生草字幕组,随性山人WSN,2,2
生草字幕组,森林盐汽水,2,2
生草字幕组,毛利小女郎,2,2
生草字幕组,石榴汁金汤力,2,1
生草字幕组,湶川澍玉,2,2
生草字幕组,林下_十七,2,2
生草字幕组,桃夏Taoxia,2,2
生草字幕组,烦躁君专注暴富60年,2,2
生草字幕组,偶尔发呆的桃子,2,1
生草字幕组,obkkszd,2,1
生草字幕组,再也不想过夏天了,2,1
生草字幕组,追溯无限,2,1
生草字幕组,敢敢绯辞不会受伤o,2,1
生草字幕组,潘潘0705,2,1
生草字幕组,小怪咖呜啦啦,2,2
生草字幕组,小王小王今年旺旺哈哈,2,2
生草字幕组,雅雨春风,2,2
生草字幕组,避世中的Zakuro,2,2
生草字幕组,VanillazfV,2,2
生草字幕组,郁闷假逍遥,2,1
生草字幕组,兰灵灵灵,2,1
生草字幕组,糖炒狸子芝麻狐,2,2
生草字幕组,继夜焚星,2,1
生草字幕组,电子羊会梦见雪糕,2,2
生草字幕组,番秃噜皮儿,2,1
生草字幕组,生气橙子,2,2
生草字幕组,汝何博謇而好修兮,2,2
生草字幕组,HLL_好运,2,2
生草字幕组,远空回到蔚蓝_7,2,2
生草字幕组,-輪胎傑克-,2,2
生草字幕组,喵de白日梦,2,1
生草字幕组,tego_lin,2,2
生草字幕组,白空吉光sora,2,2
生草字幕组,大大大大大大大大猫猫,2,1
生草字幕组,馍馍依依仔,2,2
生草字幕组,菠萝Serpent,2,2
生草字幕组,蜘蛛酱来自中土,2,2
生草字幕组,Vanilla_枫,2,1
生草字幕组,不理笨蛋_OvO,2,1
生草字幕组,爽哥日志,2,2
生草字幕组,开心威是源弟弟,2,2
生草字幕组,sitnam__,2,1
生草字幕组,Darens_,2,2
生草字幕组,kkaze_o,2,1
生草字幕组,那年二九,2,1
生草字幕组,花生卜卜脆_,2,2
生草字幕组,luna草莓奶兮,2,2
生草字幕组,pieshangpieda,2,1
生草字幕组,二猪,2,2
生草字幕组,沈同学其实就是一只喵,2,2
生草字幕组,炽焰基基米,2,2
生草字幕组,OSatoshiiiiiiiiii,2,2
生草字幕组,Dora_琦,2,2
生草字幕组,minghyuk,2,2
生草字幕组,蓝白勺药丸,2,1
生草字幕组,柴犬夜叉-_,2,1
生草字幕组,-椎名K-,2,2
生草字幕组,啦啦呜的C,2,1
生草字幕组,mcminimine,2,1
生草字幕组,鹿上在路上,2,2
生草字幕组,呼吸桥,2,1
生草字幕组,Vincent_羁绊,2,2
生草字幕组,MrPara,2,2
生草字幕组,马家的Allison,2,2
生草字幕组,Hnayi,2,2
生草字幕组,Clarence0117,2,2
生草字幕组,鸠叼泥,2,2
生草字幕组,牟某人828,2,2
生草字幕组,绯红之幻象,2,1
生草字幕组,禾波特芙,2,1
生草字幕组,Hanmmooo,2,1
生草字幕组,十全大补觉,2,2
生草字幕组,青儿LuckyYoung,2,2
生草字幕组,阿轩-z,2,2
生草字幕组,Mr_Z_乔羽,2,2
生草字幕组,---睡---,2,2
生草字幕组,夜归的虫,2,2
生草字幕组,Miruru_好运来版,2,2
生草字幕组,xwyhhhh,2,1
生草字幕组,努力努力中的小阿杭,2,1
生草字幕组,森小璨,2,2
生草字幕组,黑土花大哥,2,1
生草字幕组,悲催的袜子,2,2
生草字幕组,艾克莱尔,2,2
生草字幕组,既望不泛舟,2,2
生草字幕组,壳壳爱吃凉皮,2,2
生草字幕组,苏沐秋水伊人,2,2
生草字幕组,jvia_要有好身体,2,2
生草字幕组,seaniefi,2,1
生草字幕组,巍甜不加糖,2,2
生草字幕组,TKYx悦_yuki,2,2
生草字幕组,没人理我的小号,2,1
生草字幕组,Tasha_J,2,2
生草字幕组,就是这个GUO,2,2
生草字幕组,紫雨冰影,2,2
生草字幕组,高粱的甜酒,2,2
生草字幕组,S-546,2,2
生草字幕组,你这漂亮的小脸蛋就没有了,2,2
生草字幕组,ammonite_一期一会,2,1
生草字幕组,東區小扛霸,2,2
生草字幕组,鱼让我来摸,2,2
生草字幕组,-团凯酱-,2,2
生草字幕组,我同意的钱包君根本把持不住,2,2
生草字幕组,ANU_马克胡,2,2
生草字幕组,祖传手艺人大麦,2,2
生草字幕组,莉ly_一年只能改一次后缀啊,2,2
生草字幕组,levin35,2,2
生草字幕组,糖心布里欧,2,2
生草字幕组,喵喵就是猫,2,2
生草字幕组,石头君HBtoPOPO,2,1
生草字幕组,除却巫山不是云的无云,2,2
生草字幕组,乱乱乱小枝的正版,2,1
生草字幕组,无糖汽水,2,2
生草字幕组,十号风球中的红蝴蝶,2,2
生草字幕组,何超穷为三千万奋斗中-Pansy,2,2
生草字幕组,超绝伦摸摸,2,2
生草字幕组,Ars天晴,2,2
生草字幕组,老透明儿,2,2
生草字幕组,JJ宝井晓9JJ,2,2
生草字幕组,野人海岸,2,1
生草字幕组,攻里攻气水水酱,2,2
生草字幕组,y去呼吸新鲜空气,2,1
生草字幕组,芊屈菜不哭,2,2
生草字幕组,Akuya,2,2
生草字幕组,地星主宰,2,2
生草字幕组,Amber1986在在,2,2
生草字幕组,Poliomapul,2,1
生草字幕组,小洋-lovely亲故,2,2
生草字幕组,我不是大肥球,2,1
生草字幕组,TheAgileBilby,2,2
生草字幕组,仙嘟嘟_魔法侦探烧酒,2,2
生草字幕组,Hikari同学,2,2
生草字幕组,机智的蠢N,2,2
生草字幕组,AM咪,2,2
生草字幕组,老天XL,2,2
生草字幕组,查无小夏,2,1
生草字幕组,月华冰,2,2
生草字幕组,阿七七郎_一只鸽子咕咕咕,2,2
生草字幕组,希望拥有宝宝般的睡眠,2,2
生草字幕组,拉拉肥炖粉条,2,2
生草字幕组,甜甜的羊毛,2,2
生草字幕组,砂锅锅锅锅鍋,2,2
生草字幕组,拳击时空,2,2
生草字幕组,清澈晏峤苍兰,2,2
生草字幕组,叁木同学-TM,2,2
生草字幕组,百合花的鹿先生,2,2
生草字幕组,Baebae_8,2,2
生草字幕组,月巴小鹅,2,2
生草字幕组,湘风寰宇,2,1
生草字幕组,我滴利利利利利利,2,2
生草字幕组,墨鱼肉团子,2,2
生草字幕组,无声迟暮_,2,2
生草字幕组,微微一诺625,2,2
生草字幕组,浅谶-,2,2
生草字幕组,黑色嘅风,2,2
生草字幕组,宝玉xp,2,2
生草字幕组,鹿男和美丽的奈良,2,2
生草字幕组,月央首映-逃窜版,2,1
生草字幕组,螃蟹是永远的大吃货,2,2
生草字幕组,Nymphaea蓮,2,1
生草字幕组,雅子_roll个幸运大成功,2,2
生草字幕组,·突然唱歌小狗·,2,2
生草字幕组,竹荫梓,2,2
生草字幕组,间隙JianX,2,1
生草字幕组,永远17岁的尼糯米,2,2
生草字幕组,pupuu,2,2
生草字幕组,天然润君大好,2,2
生草字幕组,-daisukii,2,1
生草字幕组,抓水母的小少年,2,2
生草字幕组,ALISONinWONDERLAND,2,2
生草字幕组,柿咩AKINA,2,2
生草字幕组,沪囡,2,2
生草字幕组,画个树梢看树高,2,2
生草字幕组,Ranger_軍士,2,2
生草字幕组,-木阿樨-,2,1
生草字幕组,精神稳定的清清,2,2
生草字幕组,CarpeDiem_4NOCure,2,2
生草字幕组,新晋铲官小路比,2,2
生草字幕组,井底区垃圾,2,2
生草字幕组,冰块的生存周期,2,2
生草字幕组,一个道系青年沈某人,2,2
生草字幕组,名井女士的炸毛猫,2,2
生草字幕组,空So阿斯特,2,2
生草字幕组,胥荣东主任医师,2,2
生草字幕组,良大文,2,2
生草字幕组,Shoririn,2,1
生草字幕组,爆炸中的神奇,2,1
生草字幕组,18楼女宾一位,2,1
生草字幕组,我已经八辈子没吃饱过饭,2,2
生草字幕组,在海上守候的傲娇小烧饼,2,1
生草字幕组,SM食人花先生,2,2
生草字幕组,脱力mo,2,2
生草字幕组,两仪-248,2,2
生草字幕组,Pip-pip-Nefelibata,2,2
生草字幕组,青霽,2,1
生草字幕组,顾十贰,2,2
生草字幕组,kiki酱宝宝_,2,2
生草字幕组,石头沃勒个去适当改个名字,2,1
生草字幕组,用户是小熊w,2,1
生草字幕组,用户7443240741,2,1
生草字幕组,哦都元素自己,2,2
生草字幕组,場地圭介,2,2
生草字幕组,哥斯犭苗,2,2
生草字幕组,山风家的团子,2,2
生草字幕组,落魄山小钻风,2,2
生草字幕组,手写的心,2,2
生草字幕组,皮蛋有肉吃,2,2
生草字幕组,读网思考,2,2
生草字幕组,yuki火星老思姬,2,2
生草字幕组,Van的旅行,2,2
生草字幕组,angel安淇儿,2,2
生草字幕组,Nekomay,2,1
生草字幕组,Super-蠍子,2,2
生草字幕组,Ewmmmmva,2,1
生草字幕组,相棒拉面去否,2,2
生草字幕组,生草字幕组,2,2
生草字幕组,谁是哀愁,2,2
生草字幕组,LSam玩,2,1
生草字幕组,Lolisai,2,2
生草字幕组,我是发发米,2,2
生草字幕组,Qiananas,2,2
生草字幕组,无所谓晚_,2,2
生草字幕组,小闪电吖小闪电,2,2
生草字幕组,萧魂年代,2,2
生草字幕组,神医喜来露,2,2
生草字幕组,开门那时卡住牙,2,2
生草字幕组,sunplay_,2,1
生草字幕组,晴天的Ellie,2,2
生草字幕组,叙拉古小狼,2,2
生草字幕组,仙人颠儿,2,2
生草字幕组,橙月得贵,2,2
生草字幕组,小狗爱吃面包片-,2,1
生草字幕组,韩夏辰,2,2
生草字幕组,Lulu酱322,2,2
生草字幕组,DC大赤兔,2,2
生草字幕组,坚挺先生_,2,2
生草字幕组,御无的世界,2,1
生草字幕组,小散首领,2,2
生草字幕组,阿斯备鲁,2,2
生草字幕组,气球地毯二零二寺,2,1
生草字幕组,隐月啾,2,2
生草字幕组,725号小茉莉Molly,2,2
生草字幕组,会发光的小絮捏,2,2
生草字幕组,新垣结婷,2,2
生草字幕组,爱死小小白兔plus,2,2
生草字幕组,零五五要天天向上,2,2
生草字幕组,Kaylometer,2,1
生草字幕组,芝心腮腮棍_,2,2
生草字幕组,面瘫的销魂丸子,2,2
生草字幕组,恬sweetfish愉,2,1
生草字幕组,终不遇子期,2,2
生草字幕组,定吉最近有点忙,2,2
生草字幕组,冬瓜阿爸,2,1
生草字幕组,纯爱战士Rocky,2,2
生草字幕组,逆枫哼唱,2,1
生草字幕组,minnnnnnnnim,2,1
生草字幕组,溢声珺,2,2
生草字幕组,向夜坠落第6秒,2,2
生草字幕组,熊胆熊掌熊铁柱儿,2,2
生草字幕组,VV林宝宝,2,1
生草字幕组,设计院门口小贩,2,2
生草字幕组,神田有猫饼,2,2
生草字幕组,夏恪Eva_,2,2
生草字幕组,肥木有,2,2
生草字幕组,柳老板爱笑爱生活,2,1
生草字幕组,cimmego,2,2
生草字幕组,寿司酱要自律,2,2
生草字幕组,个个与_眼睛,2,1
生草字幕组,守序巫妖钟二狗,2,2
生草字幕组,淡如深海,2,2
生草字幕组,苏苏雪fairy,2,2
生草字幕组,一般通过睡眠,2,2
生草字幕组,CJJ一JJC,2,2
生草字幕组,摘星典籍,2,2
生草字幕组,濒野_恩奇都花盆绝赞制作中,2,2
生草字幕组,勃啊文,2,2
生草字幕组,不会下棋的佐为,2,2
生草字幕组,栗子千层ll,2,1
生草字幕组,哆啦的A的夢的巴巴兔蜜熊利爪,2,2
生草字幕组,太局太段HXD3D8028,2,1
生草字幕组,moge小二,2,2
生草字幕组,·财财财财财财·,2,2
生草字幕组,千树万树大鸭梨,2,2
生草字幕组,镜泽,2,2
生草字幕组,百见三,2,2
生草字幕组,赏你半斤地瓜烧,2,1
生草字幕组,那个村账房王富贵,2,1
生草字幕组,冰块还没融化唉,2,2
生草字幕组,为什么不能叫辣条拌饭,2,2
生草字幕组,爱吃肉的小婷,2,1
生草字幕组,猪扒包佢老豆,2,2
生草字幕组,SiMONE_L77,2,2
生草字幕组,御茶之水,2,2
生草字幕组,头鹿头,2,2
生草字幕组,Maynole_Suda,2,2
生草字幕组,养猫的兔卷卷,2,2
生草字幕组,你曾是少年永远是少年,2,1
生草字幕组,宇宙超级无敌卡车大王,2,2
生草字幕组,JiWoo__,2,2
生草字幕组,我的美彬航Yu_,2,2
生草字幕组,栖止馆,2,2
生草字幕组,此至未至,2,2
生草字幕组,烟落流音,2,1
生草字幕组,hyy小泡,2,2
生草字幕组,Brady_其其其,2,1
生草字幕组,幸运小源_,2,1
生草字幕组,西宮七瀬,2,1
生草字幕组,永遠的小學五年生,2,2
生草字幕组,网友ZANE,2,2
生草字幕组,再随便金言我就柏柏,2,1
生草字幕组,Nomi要听陈奕迅唱歌,2,2
生草字幕组,LaceyNX_唯,2,2
生草字幕组,叶草草-,2,2
生草字幕组,你基了,2,2
生草字幕组,Woon云之幺幺yu,2,2
生草字幕组,水师傅sahlia,2,2
生草字幕组,昀榷,2,1
生草字幕组,RyoKK想暴富,2,2
生草字幕组,星河昴Lou,2,1
生草字幕组,Noah_yaya,2,2
生草字幕组,乀扉就,2,1
生草字幕组,胖象没吃饱,2,2
生草字幕组,种花家的蓝领兔,2,1
生草字幕组,是一只呆鹿哇丶,2,2
生草字幕组,我不是巴小兔,2,2
生草字幕组,団_孔明公主来我迦,2,2
生草字幕组,苦手西柚,2,1
生草字幕组,一颗好吃de白菜,2,2
生草字幕组,Mega非洲咸鱻,2,1
生草字幕组,南极伽勒底一般社员的日常,2,2
生草字幕组,江湖小生丶丿不朽,2,2
生草字幕组,幸运茄茄酱,2,2
生草字幕组,千秋花月月,2,2
生草字幕组,東亞重工人造人,2,2
生草字幕组,阿咪豆,2,2
生草字幕组,PiePie233,2,1
生草字幕组,TT三才,2,1
生草字幕组,菌菇Len_黏菌发射,2,2
生草字幕组,梦de歌,2,1
生草字幕组,糖锅升级中,2,2
生草字幕组,晓小爱微博,2,2
生草字幕组,jane小马甲,2,2
生草字幕组,世界一番可爱小橘子,2,2
生草字幕组,水雷在尚书台食堂填了个肥缺,2,2
生草字幕组,000GNEM,2,2
生草字幕组,江寄余,2,1
生草字幕组,梅子是个懒话梅,2,2
生草字幕组,魂归梦剧场,2,2
生草字幕组,小青鱼piceus,2,2
生草字幕组,六不妥,2,2
生草字幕组,暗冰小牛牛,2,2
生草字幕组,壳子肉干拖延战线不舔少年不能活,2,2
生草字幕组,番薯鱼丸,2,2
生草字幕组,chillchill碎碎念,2,2
生草字幕组,肥宅的快乐谁能懂,2,1
生草字幕组,masa_JIN,2,2
生草字幕组,肉包包快跑,2,2
生草字幕组,已命名的42,2,2
生草字幕组,hidera小邪,2,2
生草字幕组,奶啵味的添福宝,2,2
生草字幕组,口喜_口合,2,2
生草字幕组,橙聊,2,1
生草字幕组,性感胖丁在线发福,2,1
生草字幕组,爱种菜的蚜虫,2,2
生草字幕组,许墨家的张小年,2,2
生草字幕组,刚刚喝了酸牛奶,2,1
生草字幕组,轻吻月之两半,2,2
生草字幕组,吃麦当当的鲨鱼,2,2
生草字幕组,织田修哉,2,2
生草字幕组,行走中的玫瑰Tiffany,2,1
生草字幕组,我系垃圾茕,2,2
生草字幕组,是酷盖也是奶盖吖,2,2
生草字幕组,熊吉君没问题的呀,2,2
生草字幕组,-Uysprrr,2,1
生草字幕组,阿樱_幸运满满哦,2,2
生草字幕组,Lid丹丹,2,2
生草字幕组,追逐风痕的柳絮,2,2
生草字幕组,脑洞炸裂沙耶,2,2
生草字幕组,月亮珈湾,2,2
生草字幕组,一个没有感情的搬运机器,2,2
生草字幕组,angelwei214,2,2
生草字幕组,宇宙也会下雨吗,2,1
生草字幕组,脆皮小猫,2,1
生草字幕组,大宋87,2,1
生草字幕组,佛系经纪人残心,2,2
生草字幕组,袁小鸦,2,2
生草字幕组,求顺心的C,2,2
生草字幕组,A大的遊戲晉級了,2,2
生草字幕组,烦雾尘,2,2
生草字幕组,CYULI-eight,2,2
生草字幕组,DeliciousDD9,2,2
生草字幕组,兔耳君是杨小缝_uncle崴,2,2
生草字幕组,今天也是努力吃胖的一只崽啊,2,2
生草字幕组,pp_2154,2,2
生草字幕组,非概率bot,2,2
生草字幕组,青舸馥,2,1
生草字幕组,风舞_涟漪,2,2
生草字幕组,把时间熬成福灵剂,2,2
生草字幕组,小哥你回头看看我,2,2
生草字幕组,绾拾葑_,2,2
生草字幕组,xixi葱,2,2
生草字幕组,Simonyi_NUA,2,2
生草字幕组,心传奇-陈泓希,2,2
生草字幕组,羽宫_,2,2
生草字幕组,人生誤導師,2,2
生草字幕组,dianc1,2,2
生草字幕组,名字换成阻击手行吗,2,2
生草字幕组,凌零叽,2,2
生草字幕组,TKYx夏夏,2,2
生草字幕组,南湖大道肥罗华,2,2
生草字幕组,正版沫汐tttt,2,2
生草字幕组,大尾巴猫Mlle_M,2,2
生草字幕组,脆啵啵公主,2,1
生草字幕组,薯条就是我金吸血鬼的獠牙,2,2
生草字幕组,借你一只尼尼龟,2,2
生草字幕组,猫猫芒,2,2
生草字幕组,叮个桄榔,2,2
生草字幕组,商雨心,2,2
生草字幕组,白晓mayaki,2,2
生草字幕组,守望那片海1216,2,2
生草字幕组,透透子子-,2,2
生草字幕组,鲤邪邪,2,2
生草字幕组,Tracy_RP充值期,2,1
生草字幕组,我很快lok,2,2
生草字幕组,流年偷换912,2,2
生草字幕组,戒了小说,2,1
生草字幕组,小米新年求好运,2,2
生草字幕组,_沛小沛酱,2,2
生草字幕组,阿酱BELL,2,2
生草字幕组,特别恋旧的神经智障患者,2,2
生草字幕组,酒暖心寒_,2,2
生草字幕组,和也和豆,2,2
生草字幕组,海咻诶菠萝_,2,2
生草字幕组,一之绪,2,2
生草字幕组,暴力喵喵咪,2,1
生草字幕组,超高校级的王马小吉厨,2,2
生草字幕组,一只机智的花拾来,2,2
生草字幕组,走失人形女仆,2,2
生草字幕组,雨花石雨,2,1
生草字幕组,Innovator-JH,2,2
生草字幕组,-Kiruer-,2,2
生草字幕组,芝之Chiichii,2,2
生草字幕组,Siriusbright小狼,2,2
生草字幕组,astm2000_cn,2,1
生草字幕组,pyopyopyonie,2,2
生草字幕组,口袋星辰,2,1
生草字幕组,这个世界不能失去香菜,2,1
生草字幕组,徐古拉斯_胖,2,2
生草字幕组,霁喵,2,2
生草字幕组,刷屏狂魔长工王,2,2
生草字幕组,必过法考的卷卷,2,2
生草字幕组,URARAAA,2,2
生草字幕组,ShadyCatcat,2,2
生草字幕组,叹息x,2,2
生草字幕组,与沢田纲吉君绝赞热恋中的BODS,2,2
生草字幕组,糯米糍粑团-,2,2
生草字幕组,黑狸硕鼠饲养员,2,2
生草字幕组,老云家的blue,2,2
生草字幕组,云销逢雨霁,2,1
生草字幕组,靖默夜月澜,2,2
生草字幕组,辣小0315,2,2
生草字幕组,o棉花糖田筒,2,2
生草字幕组,2大小姐2,2,2
生草字幕组,arthas不流泪,2,2
生草字幕组,kobetomato,2,2
生草字幕组,银幻幻银,2,2
生草字幕组,土拨_弥生_鼠_流,2,2
生草字幕组,容易生气容易哄,2,2
生草字幕组,林克林克厨,2,2
生草字幕组,吃颗草莓W,2,2
生草字幕组,貓爪爪過著每天都要遛狗的生活,2,2
生草字幕组,哩透one酱,2,2
生草字幕组,Faye小晗_坐等V离法家再夺WDC,2,2
生草字幕组,杨叛在2023,2,2
生草字幕组,天然_独守灵峰盼君归,2,2
生草字幕组,白石红鲤Nya,2,2
生草字幕组,喵花卷子,2,2
生草字幕组,徳井水皮,2,2
生草字幕组,奶盖品鉴砖家,2,1
生草字幕组,一只发发发发发,2,2
生草字幕组,-DystopiaSelene-,2,2
生草字幕组,冰糖奇美拉_,2,1
生草字幕组,pienpien怪,2,2
生草字幕组,夏芙载梓,2,1
生草字幕组,今晚不饮酒_,2,2
生草字幕组,lzdiverson,2,2
生草字幕组,小三爷一生推,2,2
生草字幕组,不见晚意,2,1
生草字幕组,放课后秋叶原纱夜,2,2
生草字幕组,蟠桃桂栀,2,2
生草字幕组,咲小晓,2,2
生草字幕组,查克瑄,2,2
生草字幕组,-葫芦酱-,2,2
生草字幕组,美妙生活阳光小少年,2,2
生草字幕组,Nightmare荣耀不败_安琛,2,2
生草字幕组,百米遙望,2,2
生草字幕组,阿哒阿哒的晨小晨,2,2
生草字幕组,面面-从此有了大鲍鲍,2,2
生草字幕组,冰美式天天都在笑嘻嘻,2,2
生草字幕组,·远山微雾·,2,2
生草字幕组,哆啦哔梦的四次元口袋,2,2
生草字幕组,Aya_澪,2,2
生草字幕组,少吃点碳水,2,1
生草字幕组,bluis-dream,2,1
生草字幕组,居然想救世,2,2
生草字幕组,暮语o,2,2
生草字幕组,銀河鐵漢,2,2
生草字幕组,我把老秦藏起来,2,1
生草字幕组,龙域MAN-UTD,2,2
生草字幕组,幻火丶张嘴吃饺子,2,2
生草字幕组,西红柿号邮轮船长,2,2
生草字幕组,喵呜030,2,2
生草字幕组,胖胖胖胖雪SHERRIE,2,2
生草字幕组,2哈狗子,2,1
生草字幕组,Paintis,2,1
生草字幕组,爱知教主的地毯T,2,2
生草字幕组,相叶兔子奇迹girl,2,2
生草字幕组,清虛不道德真君,2,2
生草字幕组,空格NOISE,2,1
生草字幕组,混合de喵娘,2,2
生草字幕组,圆头大胖猫,2,1
生草字幕组,虎虎小熊C,2,2
生草字幕组,霜月泉水,2,2
生草字幕组,乱入芸,2,2
生草字幕组,凯凯家的豆子,2,2
生草字幕组,l太南了l,2,1
生草字幕组,神游AKATSUKINEI,2,2
生草字幕组,手机用户3037803760,2,1
生草字幕组,ing服了,2,1
生草字幕组,memorysongs随愿,2,2
生草字幕组,-上邪-,2,2
生草字幕组,StARgaZer罒u罒,2,2
生草字幕组,想吃栗子卷的悠酱,2,2
生草字幕组,yllove100,2,2
生草字幕组,波咕波咕,2,2
生草字幕组,花开要战胜拖延症,2,1
生草字幕组,我是傻海豚,2,2
生草字幕组,查无此香菇,2,2
生草字幕组,chenlandy,2,2
生草字幕组,是菜不是芹菜,2,2
生草字幕组,了了了郁绿,2,1
生草字幕组,咕叽咕叽Chreyy,2,2
生草字幕组,MISS_GOLDEN本人的微博,2,2
生草字幕组,黑长直赛高,2,2
生草字幕组,瑶瑶爱拢龙loooong,2,2
生草字幕组,本半仙想要发大财搂大风,2,2
生草字幕组,洋葱嘉嘉嘉嘉,2,2
生草字幕组,Uso_Devil,2,2
生草字幕组,Awu_Soft,2,2
生草字幕组,Aiba_Masaki,2,2
生草字幕组,sharon_Im_lovin_it,2,2
生草字幕组,全力少年,2,1
生草字幕组,岩岩冰痕,2,2
生草字幕组,是小卖没有部,2,2
生草字幕组,Greippiii,2,2
生草字幕组,凌凡宝宝,2,2
生草字幕组,MHankz,2,1
生草字幕组,楼柏木,2,2
生草字幕组,静静观察23333,2,2
生草字幕组,sakumo-,2,2
生草字幕组,SUJUwithELF,2,2
生草字幕组,-立夏君RITSUKA-,2,2
生草字幕组,Utopia_林,2,2
生草字幕组,SuperBBee丨依蓝,2,2
生草字幕组,陈_霆,2,2
生草字幕组,还是木叶散人,2,2
生草字幕组,鸭子_gaga,2,2
生草字幕组,朱二少,2,2
生草字幕组,uknow顿歇,2,1
生草字幕组,最爱masha,2,2
生草字幕组,wa-ring__坑是用來掉的,2,2
生草字幕组,泥马仔,2,2
生草字幕组,Joesasa小张哥,2,2
生草字幕组,地狱砂糖兔,2,2
生草字幕组,萬雨囧塵澄,2,2
生草字幕组,小莎大鲨,2,1
生草字幕组,是甜竹啊,2,1
生草字幕组,养一只边牧o,2,1
生草字幕组,猫步华尔兹,2,2
生草字幕组,五星鏈君_明糸替身梗打咩打咩,2,2
生草字幕组,秋光媚影,2,2
生草字幕组,葵花壳小盆宇,2,2
生草字幕组,霧羽怜_kilen,2,2
生草字幕组,原味松饼反应堆,2,2
生草字幕组,推土机拉图,2,2
生草字幕组,格子木有铺,2,2
生草字幕组,三心和碎叶,2,2
生草字幕组,醉忆兮风,2,1
生草字幕组,啵心白菜,2,2
生草字幕组,阡墨_受到了精神污染,2,2
生草字幕组,奶茶_啵,2,2
生草字幕组,今天成长了吗_热爱怂,2,2
生草字幕组,-丢丢媽,2,2
生草字幕组,柴柴汪_电子养胃了,2,2
生草字幕组,Mocking_7,2,1
生草字幕组,螃小螃,2,2
生草字幕组,kurarpika,2,2
生草字幕组,波霸芋泥捏捏茶,2,2
生草字幕组,艾艾和绥,2,1
生草字幕组,江波2084,2,2
生草字幕组,糖炒栗风,2,2
生草字幕组,李和梨,2,1
生草字幕组,Batwhere_卡嗓子喉宝,2,2
生草字幕组,就让心情放个晴,2,1
生草字幕组,Shizuku-雫-,2,2
生草字幕组,鱼的泡沫人生,2,2
生草字幕组,坂田银时的娘子,2,2
生草字幕组,擺爛才是目標,2,2
生草字幕组,小蛋挞快跟上,2,2
生草字幕组,在河之舟_小舟,2,2
生草字幕组,宛如迷雾,2,2
生草字幕组,颍川王,2,2
生草字幕组,幼儿园恰饭第一名,2,2
生草字幕组,FRFR-,2,2
生草字幕组,小芝麻莫夭夭,2,2
生草字幕组,Ben_貓,2,2
生草字幕组,西北不见星,2,1
生草字幕组,东方糯米团,2,2
生草字幕组,C小缪就是Cory,2,2
生草字幕组,奶味儿的甜橘糖,2,2
生草字幕组,李昶甫6868,2,1
生草字幕组,GYer_瓜皮的毒奶粉,2,2
生草字幕组,soiuose,2,1
生草字幕组,果体有什麼不对,2,2
生草字幕组,某P也叫阿秋君_敗北的少年,2,2
生草字幕组,LondoBell0102,2,1
生草字幕组,星河Shinho,2,2
生草字幕组,咖喱Cathy,2,2
生草字幕组,彼岸mj,2,2
生草字幕组,皮卡丘-BoA-特困户只想八点起床,2,2
生草字幕组,我姓厉叫南星,2,2
生草字幕组,歇菜海龟,2,1
生草字幕组,龍宮輝夜,2,2
生草字幕组,哈鹿波特,2,2
生草字幕组,susu一直在路上,2,2
生草字幕组,明天一定世界中心,2,1
生草字幕组,入瓮,2,2
生草字幕组,抖M78星云的萌肉星人,2,2
生草字幕组,佳佳减减啦,2,1
生草字幕组,海盐小狗·,2,1
生草字幕组,星野末厘Mori,2,2
生草字幕组,我惹了世界又如何,2,2
生草字幕组,小作手威廉,2,2
生草字幕组,Jeff先生,2,2
生草字幕组,sol_z,2,2
生草字幕组,翋LERCHE翄,2,2
生草字幕组,moonwalkerrrrrr_,2,1
生草字幕组,你咋不上称呢23333,2,1
生草字幕组,头盖骨粉碎机_,2,1
生草字幕组,咖啡真甜,2,1
生草字幕组,Nico-JAE,2,2
生草字幕组,linkcara0411,2,1
生草字幕组,涂山cc,2,2
生草字幕组,轩里个辕,2,2
生草字幕组,就是困啊那咋办嘛,2,2
生草字幕组,花凌萧-今天也依旧爱着Highlight,2,2
生草字幕组,芋泥草莓芝士多多,2,2
生草字幕组,二玄努力赚钱中,2,2
生草字幕组,Amour久_,2,2
生草字幕组,阿bbbb弹-,2,2
生草字幕组,鳄鱼狗勾,2,2
生草字幕组,lusefulu,2,2
生草字幕组,米曲霉菌,2,2
生草字幕组,Oneshotblow,2,1
生草字幕组,檬心老罗熙,2,2
生草字幕组,小铃铛-1224,2,2
生草字幕组,TiCaHhAcIt,2,2
生草字幕组,AKIRA7_白虎仙记复刊了吗,2,2
生草字幕组,SX_Alice洋洋,2,2
生草字幕组,渔渔渔ibun,2,2
生草字幕组,榄菊艾草清香型蚊香盘,2,1
生草字幕组,戴戴的竹蜻蜓,2,2
生草字幕组,AMEOWUW,2,2
生草字幕组,喜欢吃吃吃的dying1118,2,2
生草字幕组,蓝色盒子里的巍巍卷,2,2
生草字幕组,芥舟粥粥,2,2
生草字幕组,白眠鸽,2,2
生草字幕组,爱最重要-澳洲直邮版,2,2
生草字幕组,狐狐别翘二郎腿了,2,1
生草字幕组,神楽遙,2,2
生草字幕组,某柳_叫我可达鸭,2,2
生草字幕组,不是在发疯就是在发疯,2,2
生草字幕组,TSKnoAya_Live2D,2,2
生草字幕组,叶川凉,2,2
生草字幕组,Hijklmnopq_st__wxyz,2,1
生草字幕组,胸小就是了不起,2,1
生草字幕组,阿蕉阿蕉阿蕉,2,1
生草字幕组,杰哥我是你的小星星,2,2
生草字幕组,草莓小葛,2,2
生草字幕组,原田莓莓,2,2
生草字幕组,小酒窝_CG,2,2
生草字幕组,是新不是心是蕊不是蕾啊喂,2,2
生草字幕组,羽中_游戏控,2,2
生草字幕组,你听我说你别急,2,1
生草字幕组,杯状的叶绿体,2,2
生草字幕组,朝辞春,2,2
生草字幕组,爱芽湾,2,2
生草字幕组,壹_随时发现新崽崽,2,2
生草字幕组,-湮湮向晚-,2,2
生草字幕组,绅士型Rider,2,2
生草字幕组,Megan抱你在逆流人潮,2,2
生草字幕组,拿铁酒与明月刀,2,2
生草字幕组,面条loseyourself,2,2
生草字幕组,一格嘻嘻嘻,2,2
生草字幕组,万物没有理论,2,1
生草字幕组,路人乙滴输入法烂了,2,1
生草字幕组,辰西ZCX,2,1
生草字幕组,你快别破防了,2,2
生草字幕组,illllsy,2,2
生草字幕组,_在下酥了_,2,2
生草字幕组,花花花小锄,2,2
生草字幕组,起司毛团,2,2
生草字幕组,野生337,2,2
生草字幕组,迪宋陈浩,2,2
生草字幕组,Felicity鹿北,2,2
生草字幕组,买到显卡了,2,2
生草字幕组,想吃麻辣小龙虾的柠檬派,2,2
生草字幕组,大大大薇,2,2
生草字幕组,__heee_JinGyI,2,2
生草字幕组,BourbonSwag,2,2
生草字幕组,被封的小呱呱,2,1
生草字幕组,神枝起床要玩猫猫,2,2
生草字幕组,梦见妖精,2,2
生草字幕组,学生时代的笑语,2,2
生草字幕组,swagwings大头,2,1
生草字幕组,打本时长两年半,2,1
生草字幕组,费加罗夫人,2,2
生草字幕组,期待_正正,2,2
生草字幕组,像猪一样的毛毛,2,2
生草字幕组,叽无力,2,2
生草字幕组,白夜梦飞行Jas,2,2
生草字幕组,0--L0--,2,2
生草字幕组,Kayayann,2,2
生草字幕组,落小篁,2,2
生草字幕组,Robert不喝热水,2,2
生草字幕组,没听周杰伦演唱会前不改名,2,2
生草字幕组,小米艾95,2,2
生草字幕组,苗二七,2,2
生草字幕组,波上面大葱OuO,2,1
生草字幕组,叶子饲养明喵中,2,2
生草字幕组,很想吃糖醋排骨的小波老师,2,2
生草字幕组,小雨的羽翼w,2,2
生草字幕组,SEEDS,2,2
生草字幕组,耶耶麻薯_,2,2
生草字幕组,远山有言,2,2
生草字幕组,哈喽楊建龙,2,2
生草字幕组,Saori-YU,2,2
生草字幕组,好运豆皮,2,2
生草字幕组,安里个安呀糕里个糕,2,2
生草字幕组,CancanAozora,2,2
生草字幕组,端端ono,2,1
生草字幕组,_牧臻_,2,2
生草字幕组,Libra不能再熬夜了,2,2
生草字幕组,下雨天的狗狗君,2,2
生草字幕组,_Ke--,2,1
生草字幕组,七百七十五公里,2,1
生草字幕组,梓白_白白白w,2,2
生草字幕组,基友山上有腐女,2,2
生草字幕组,Austikate,2,1
生草字幕组,xyxxyxxyyy,2,1
生草字幕组,司青鸢,2,2
生草字幕组,夜雨落神州,2,2
生草字幕组,你马爱叉叉-送语气,2,2
生草字幕组,马草剁手也要日图,2,2
生草字幕组,阿墨-永远是十八年窖藏特级傻汪,2,2
生草字幕组,RO0OLii-,2,2
生草字幕组,Baka織,2,2
生草字幕组,无限叛逆的祥龍龘龘,2,2
生草字幕组,ABO设定拯救全世界,2,1
生草字幕组,爱看车的人,2,2
生草字幕组,yyyyyyfjzx,2,1
生草字幕组,Bunny牌酒心巧克利,2,2
生草字幕组,琬婉,2,1
生草字幕组,万浅藤-家有一球,2,2
生草字幕组,专有之处,2,1
生草字幕组,_Zeying,2,2
生草字幕组,PETR亚洲善待中立法师组织,2,2
生草字幕组,亓轩祁宣-73,2,2
生草字幕组,亲亲阿尔托莉娅,2,2
生草字幕组,是爱猫猫的安安呀,2,1
生草字幕组,三千清静,2,2
生草字幕组,夕落鲸鸣-苒晞,2,1
生草字幕组,麓烟,2,2
生草字幕组,icn-blwn,2,2
生草字幕组,卢瑟希for特摄是本命,2,2
生草字幕组,Bystander_Cr,2,1
生草字幕组,RZ030,2,2
生草字幕组,璇玑宫二娘子,2,2
生草字幕组,Sssssung_,2,2
生草字幕组,Faitesleplein,2,1
生草字幕组,優鈴,2,2
生草字幕组,小敌鸽,2,2
生草字幕组,TrendsResearch,2,2
生草字幕组,进击的足球小将,2,2
生草字幕组,总算对了,2,1
生草字幕组,不放的尾巴,2,2
生草字幕组,墨斗鱼的地盘2011W良家族,2,2
生草字幕组,用户34838328,2,1
生草字幕组,悉尼小光头蚊吉,2,2
生草字幕组,牟爽,2,2
生草字幕组,为什么要有名字呢你,2,2
生草字幕组,AmyChanChan,2,2
生草字幕组,大果桑,2,1
生草字幕组,YUYUANalwaysdreaming,2,2
生草字幕组,ShenShen_6,2,2
生草字幕组,杏红色和亚麻色,2,1
生草字幕组,Towerice,2,1
生草字幕组,摩的猫,2,2
生草字幕组,ooooomymy,2,1
生草字幕组,S有好多事要做,2,2
生草字幕组,远星社野外勘探队矿物猎人,2,2
生草字幕组,素家的无欲,2,1
生草字幕组,RenjoKaku,2,2
生草字幕组,larva_羊,2,1
生草字幕组,读作TT写作Toki,2,2
生草字幕组,盤腿席地坐墻頭風光好,2,2
生草字幕组,lucky瑶SH,2,2
生草字幕组,玛丽莲_喵喵,2,2
生草字幕组,Baeksonntag,2,1
生草字幕组,虚_KYON,2,2
生草字幕组,66顺-白菜v,2,2
生草字幕组,离场下线,2,2
生草字幕组,Ulyanaitzel,2,2
生草字幕组,树下鲤,2,2
生草字幕组,藏藏好啵,2,1
生草字幕组,知时小满,2,2
生草字幕组,一杯谬可,2,2
生草字幕组,一个Ingrid,2,2
生草字幕组,苏瑾就是慕容芷,2,1
生草字幕组,帚里,2,2
生草字幕组,荻ZDi,2,2
生草字幕组,恋物Miu,2,2
生草字幕组,饭饭_寝不足,2,2
生草字幕组,傅二摩斯,2,2
生草字幕组,一只羊羊羊先生,2,2
生草字幕组,qing_qing子,2,1
生草字幕组,钮祜禄_蕾,2,2
生草字幕组,破军之恋,2,2
生草字幕组,生长-野蛮,2,1
生草字幕组,Ichiakunosuna,2,1
生草字幕组,西禾秝,2,2
生草字幕组,巫泽WZ,2,2
生草字幕组,BABYSHUKLE,2,2
生草字幕组,加浓续杯,2,1
生草字幕组,一棵柏楠树_,2,2
生草字幕组,玄衣11,2,2
生草字幕组,cotton_tail棉花球,2,2
生草字幕组,风风风_风子,2,2
生草字幕组,-牛奶焦面包-,2,2
生草字幕组,入非非_,2,1
生草字幕组,腹黑至极的yuyu,2,1
生草字幕组,我就是小揪揪,2,2
生草字幕组,Ashestorevive,2,1
生草字幕组,弊啦監視器香咗點會咁噶,2,2
生草字幕组,贾甜甜的小蛋糕,2,1
生草字幕组,泥嚎你四什么愣,2,2
生草字幕组,Rurineko,2,2
生草字幕组,我爱毛鸡腿,2,2
生草字幕组,wavewong,2,2
生草字幕组,98兔子,2,2
生草字幕组,Yuannchi,2,2
生草字幕组,Sayukikiki_,2,2
生草字幕组,豆子睡不醒x,2,2
生草字幕组,aimezlulu,2,2
生草字幕组,MaGabriel,2,2
生草字幕组,William-訫,2,2
生草字幕组,山有木兮诺,2,1
生草字幕组,落潇微林,2,2
生草字幕组,gzygcw蠢竹,2,2
生草字幕组,牟元旦的小日子,2,2
生草字幕组,上官无语小宇宙爆发,2,2
生草字幕组,病娇CC果冻爽,2,2
生草字幕组,我的园子菌不可能那么帅气,2,1
生草字幕组,弗栗多的狗,2,1
生草字幕组,crystal数字,2,2
生草字幕组,Aprilmpdaanhm,2,2
生草字幕组,三织锦,2,1
生草字幕组,雪海蓝天日菁,2,2
生草字幕组,随雨風落,2,2
生草字幕组,S霞M巴後援會副會長,2,2
生草字幕组,吵一架不吵架,2,2
生草字幕组,景阳WPB,2,1
生草字幕组,小猪饼干屋,2,2
生草字幕组,-阿袋-,2,1
生草字幕组,天狼星之舞,2,2
生草字幕组,电子厂车间在逃全能型员工,2,1
生草字幕组,小谱妹子学吐槽,2,1
生草字幕组,每天就想做咸鱼,2,2
生草字幕组,两园土,2,1
生草字幕组,毛勒个线,2,2
生草字幕组,不要喝牛奶了,2,1
生草字幕组,七濑未央,2,2
生草字幕组,tanya_田是只兔子,2,2
生草字幕组,凌柒Koriki,2,2
生草字幕组,Xerxes·VII·Frio,2,2
生草字幕组,但求一睡君莫笑,2,2
生草字幕组,青瓷碗里的米呀,2,2
生草字幕组,陈长醉,2,2
生草字幕组,黄小邪就是邪恶力量,2,2
生草字幕组,小咖咖要发财发发发发发,2,2
生草字幕组,蓝色多足猫猫虫虫,2,2
生草字幕组,曾豆豆子,2,2
生草字幕组,木桃同学是也,2,2
生草字幕组,兎屋一座_,2,2
生草字幕组,超灵绝对不会被发现,2,1
生草字幕组,绵羊zhang,2,2
生草字幕组,阿徒MementoMori,2,2
生草字幕组,全都是狐狸,2,2
生草字幕组,小吉廿缈,2,2
生草字幕组,蜜桃娃娃3067,2,2
生草字幕组,帛金之星,2,2
生草字幕组,用户1796749933,2,1
生草字幕组,LA洪氏小面包批发商,2,1
生草字幕组,-徐悟空,2,2
生草字幕组,残末,2,2
生草字幕组,E伊伊伊伊伊eeeee,2,2
生草字幕组,幸运咔哧咔哧脆,2,1
生草字幕组,雪剑霏花,2,2
生草字幕组,TakoHouse的飘飘子,2,2
生草字幕组,wmaYFkiRwmaYFkiR,2,1
生草字幕组,紫铃喵炸号了,2,2
生草字幕组,戯言之_,2,2
生草字幕组,星降_star,2,2
生草字幕组,小狗要冬眠了,2,2
生草字幕组,我很高兴你来了,2,2
生草字幕组,kiLiG_Yo,2,2
生草字幕组,爱喝红茶的谷利成和,2,2
生草字幕组,荃润水是奥城在逃兔狲,2,2
生草字幕组,鳳聆雪,2,2
生草字幕组,张东方,2,2
生草字幕组,别人生气我不气嗷,2,2
生草字幕组,莜莜莜橘,2,2
生草字幕组,饭卡在哪里,2,2
生草字幕组,dei我是只会哈哈哈的专业哈哈屁,2,2
生草字幕组,五渣爪,2,2
生草字幕组,卿涟涟,2,2
生草字幕组,老海海要努力,2,2
生草字幕组,llffqql,2,1
生草字幕组,作狼Kyoya,2,1
生草字幕组,FairyCola,2,2
生草字幕组,浑身插刀的夜语煌,2,2
生草字幕组,Eric_Huang_921R,2,2
生草字幕组,我可以早睡,2,2
生草字幕组,敖柯索,2,1
生草字幕组,hxfcysselj,2,1
生草字幕组,关爱智障儿童成长,2,2
生草字幕组,抹抹抹抹茶抹抹茶,2,1
生草字幕组,萧墨然,2,2
生草字幕组,东莞得闲喝茶,2,2
生草字幕组,芊儿,2,2
生草字幕组,Aplst,2,2
生草字幕组,酸浆果Designer,2,2
生草字幕组,竹好的狗哥,2,2
生草字幕组,子墨卿鸴,2,2
生草字幕组,赫say_肥是壮大海,2,2
生草字幕组,简芝了哈哈哈,2,1
生草字幕组,喵呜出山,2,2
生草字幕组,猪向qian,2,1
生草字幕组,奶茶土豆子,2,2
生草字幕组,墨痕残笺_LLAP,2,2
生草字幕组,记得没事多看书,2,1
生草字幕组,doris追加一份辣味小八爪,2,2
生草字幕组,十六进制的神無月,2,2
生草字幕组,服务机器人LX,2,2
生草字幕组,林木熊,2,2
生草字幕组,三点几啦饮茶先啦做咁多都冇用嘅,2,2
生草字幕组,GeminiLLLL,2,2
生草字幕组,品如茹茹_,2,2
生草字幕组,我是你黄老师,2,2
生草字幕组,白啾软糖_,2,1
生草字幕组,鹿雪涵7,2,2
生草字幕组,真呀真可爱的好少年,2,2
生草字幕组,草莓味的儿砸,2,2
生草字幕组,幻影Wallace,2,1
生草字幕组,繁花未开至荼靡,2,2
生草字幕组,请让我多休息会,2,2
生草字幕组,粉色盐水的梦女_,2,2
生草字幕组,JJ家的妞_十个勤天,2,2
生草字幕组,暴走青年爱克斯,2,1
生草字幕组,小庄的记录薄,2,1
生草字幕组,总要回归星辰,2,1
生草字幕组,司徒喵-半醉半醒半浮生,2,2
生草字幕组,ProSummerCi,2,2
生草字幕组,黑鸫Nanaya,2,2
生草字幕组,瑾瑜-------,2,1
生草字幕组,shineshw,2,1
生草字幕组,幽灵堡主-一个废物,2,2
生草字幕组,宋文琛,2,2
生草字幕组,一个普通人子,2,1
生草字幕组,喵小姐不是HelloKitty,2,2
生草字幕组,日本微故事,2,2
生草字幕组,人不变态枉少女,2,2
生草字幕组,雞翅咖喱大米飯,2,2
生草字幕组,Tedfifteen,2,1
生草字幕组,XI8216-牧,2,1
生草字幕组,恒宾宾不太热,2,2
生草字幕组,-梓殒-,2,2
生草字幕组,深眠虾滑,2,1
生草字幕组,-MR木更津-,2,2
生草字幕组,我艾迪叫什么改一下艾迪,2,2
生草字幕组,Palefire韩,2,2
生草字幕组,_NinoKa,2,2
生草字幕组,叁拾要爱自己呀,2,2
生草字幕组,清烛不是大德鲁伊,2,2
生草字幕组,冷兔,2,2
生草字幕组,西·如恩·提亚,2,2
生草字幕组,Even-zuo,2,2
生草字幕组,白日梦行为艺术传承人,2,2
生草字幕组,行走在世界彼岸,2,2
生草字幕组,FlyingKiss_飞飞,2,2
生草字幕组,_Hyaline_,2,2
生草字幕组,今天也是坏脾气,2,2
生草字幕组,2货杨某人,2,2
生草字幕组,愿余生四季有你,2,1
生草字幕组,一只少女瓜,2,2
生草字幕组,卤味绷带,2,1
生草字幕组,核能装甲熊,2,2
生草字幕组,ayakiiii,2,2
生草字幕组,一米九九哟,2,2
生草字幕组,夏几何ww,2,2
生草字幕组,不追兔,2,1
生草字幕组,浪漫主义禁锢者,2,2
生草字幕组,做企鹅不如做猪快乐_KiC,2,2
生草字幕组,酒香海豚喵,2,2
生草字幕组,RosaReah_蕾婭,2,2
生草字幕组,麦町它二爹,2,1
生草字幕组,关于猫和你,2,2
生草字幕组,希望好一点吧,2,1
生草字幕组,辛顺顺_,2,2
生草字幕组,陈信宏的女人搞拔杯SD版,2,2
生草字幕组,刚遛狗回来,2,1
生草字幕组,youei丶,2,1
生草字幕组,蠢莫言,2,2
生草字幕组,粽纸纸纸,2,2
生草字幕组,Uralie,2,2
生草字幕组,马果是Mako本人,2,2
生草字幕组,Coney兔毛,2,2
生草字幕组,-bvd-,2,1
生草字幕组,铅笔丶蚊蚊蚊,2,2
生草字幕组,好吃肉包子_,2,2
生草字幕组,橘雁川,2,2
生草字幕组,JimLeeBao,2,2
生草字幕组,郎王肖love,2,1
生草字幕组,不担绿茶,2,2
生草字幕组,YOUNGKING417,2,1
生草字幕组,退休负婆蠢懒记事簿,2,2
生草字幕组,扣霸亚西_daze,2,2
生草字幕组,BockX,2,2
生草字幕组,宜野座系数over600,2,2
生草字幕组,一只小蜜蜂找到的洋,2,2
生草字幕组,鸠羽千夜82,2,2
生草字幕组,__銅板轉動,2,2
生草字幕组,門田Ryner,2,2
生草字幕组,元气龙龙优格,2,2
生草字幕组,星星苏打酱,2,1
生草字幕组,Humphrey北,2,2
生草字幕组,松润想二妞了,2,2
生草字幕组,我不存在于任何地方,2,1
生草字幕组,百笙_穷吃土中,2,2
生草字幕组,NaSeikeii_,2,1
生草字幕组,爱看二次元的大番鼠,2,2
生草字幕组,哎呀哎呀7777777,2,1
生草字幕组,右京_,2,1
生草字幕组,才怪STRANGE,2,2
生草字幕组,不求桃不舒服斯基华纳一生黑,2,2
生草字幕组,莲乞_招财进宝版,2,2
生草字幕组,阿白白zzz,2,2
生草字幕组,月半终会圆,2,2
生草字幕组,尴尬症患者,2,2
生草字幕组,就呆着不走了,2,1
生草字幕组,月陨葬心,2,2
生草字幕组,臭豆腐大微博,2,2
生草字幕组,海阳阳不摔了,2,1
生草字幕组,老陈今天散步了吗,2,2
生草字幕组,苏木京墨,2,1
生草字幕组,gakdbnm,2,2
生草字幕组,oalliswell-,2,1
生草字幕组,snowboard小番薯,2,2
生草字幕组,830燕子617,2,2
生草字幕组,气温31度,2,2
生草字幕组,楚风沪雨,2,2
生草字幕组,何小Poppy,2,2
生草字幕组,虞小屏,2,2
生草字幕组,吻猫,2,2
生草字幕组,Erin_LING,2,2
生草字幕组,白袖袖,2,2
生草字幕组,-岩岩芝士巧克力-,2,1
生草字幕组,子安美人,2,2
生草字幕组,LycheeLee_艹力口在此不服咬我呀,2,2
生草字幕组,不榆澄岚西,2,2
生草字幕组,好想你lyf,2,2
生草字幕组,老师我家孩子想上学,2,2
生草字幕组,妍yan6689,2,1
生草字幕组,春与荒原之夜,2,1
生草字幕组,KOI_麋鹿鹿,2,2
生草字幕组,小城大新,2,2
生草字幕组,Fifa_非法,2,2
生草字幕组,水水糖要努力营业,2,2
生草字幕组,一碗猫粮ha,2,2
生草字幕组,我是洁胖慷慨激昂,2,2
生草字幕组,chanlyne小米,2,2
生草字幕组,fhey修炼中,2,2
生草字幕组,然__然,2,2
生草字幕组,艾吃甜甜冰,2,2
生草字幕组,--Coin--,2,2
生草字幕组,_顾墨_,2,2
生草字幕组,許_蜜蜜,2,2
生草字幕组,沈闲之,2,2
生草字幕组,爱是四月份的玫瑰迎着夏日盛放,2,2
生草字幕组,老探老探,2,2
生草字幕组,君道,2,1
生草字幕组,庆云涟漪,2,2
生草字幕组,叢雲厨_咒蓝,2,2
生草字幕组,-最爱重庆小面-,2,1
生草字幕组,松鼠家的吉肥肥--我最爱小队,2,2
生草字幕组,恩勒个恩_,2,2
生草字幕组,宅茗,2,2
生草字幕组,狐不思归,2,2
生草字幕组,一闪而过的城城,2,1
生草字幕组,狭路相逢6264472514,2,1
生草字幕组,金角巨兽吸氪金粉,2,2
生草字幕组,皮卡球球18,2,2
生草字幕组,枕星夜话,2,1
生草字幕组,-RM-,2,2
生草字幕组,哲学绅士彗星桑,2,2
生草字幕组,Wei-躺平摸鱼ing,2,2
生草字幕组,洋葱57,2,2
生草字幕组,治愈系-夏目友人帐,2,2
生草字幕组,属狗的喵酱,2,2
生草字幕组,又是喝粥的一天,2,2
生草字幕组,今年夏天见面了吗-,2,2
生草字幕组,Daisy_阿默,2,2
生草字幕组,霹雳球球,2,2
生草字幕组,翻车鱼sora,2,2
生草字幕组,gbrrrrrrd,2,1
生草字幕组,油煎肥喵只是小渣渣,2,2
生草字幕组,巧克熊,2,2
生草字幕组,维兹S-要好运,2,2
生草字幕组,idk_idc_ftw,2,2
生草字幕组,儿童套餐紫苑厨,2,2
生草字幕组,灼雪_,2,2
生草字幕组,一条詩織,2,2
生草字幕组,_花椰菜_,2,2
生草字幕组,Gaude_,2,2
生草字幕组,鹏鵬天天向上,2,2
生草字幕组,Fuuuuji,2,2
生草字幕组,网球猫先生,2,2
生草字幕组,火锅煮毛猴,2,2
生草字幕组,充值送军娘吗,2,1
生草字幕组,Diarylilia,2,2
生草字幕组,掌中砂砾,2,2
生草字幕组,奇迹唱片行,2,1
生草字幕组,_芝芝桃桃桃,2,2
生草字幕组,妄想侠-勋,2,2
生草字幕组,掌控雷电de少年,2,2
生草字幕组,旧梦归l,2,2
生草字幕组,夕晴POI,2,1
生草字幕组,教练我想打网球,2,2
生草字幕组,漆酱_六六大顺,2,2
生草字幕组,香草泡沫V,2,2
生草字幕组,MAJIK929,2,2
生草字幕组,kooooo_ki,2,2
生草字幕组,文暮沁,2,2
生草字幕组,星星会发光rb,2,1
生草字幕组,纯情脚太郎,2,2
生草字幕组,lilililisyxuan,2,2
生草字幕组,ntiaris,2,2
生草字幕组,Sunniesun29,2,2
生草字幕组,mayyouFall,2,1
生草字幕组,尘大郎,2,2
生草字幕组,小尤-Yui-,2,2
生草字幕组,拟人状态,2,2
生草字幕组,_-_-_-_-_-_-_-_-_-v,2,2
生草字幕组,相楚,2,2
生草字幕组,摆烂大赛冠军,2,1
生草字幕组,吃土少女831,2,2
生草字幕组,_澜花花_,2,2
生草字幕组,不二日常,2,2
生草字幕组,梨弥_FE推,2,2
生草字幕组,李家二猫的小鱼,2,2
生草字幕组,红春泥,2,1
生草字幕组,拂晓下的蒲公英,2,2
生草字幕组,碳化的硅晶体,2,2
生草字幕组,仙人掌抽,2,2
生草字幕组,团团狗毛口口贝,2,1
生草字幕组,OatLatte_photo,2,2
生草字幕组,你们和烤全羊一起丨,2,1
生草字幕组,第二瓶茅台,2,1
生草字幕组,Sky蓝兰-,2,1
生草字幕组,十日十月-R,2,2
生草字幕组,SiO2玻璃,2,2
生草字幕组,空腹虫餃子専門店,2,1
生草字幕组,肉三次,2,2
生草字幕组,无敌吹水王,2,2
生草字幕组,OoHawkeyeoO,2,2
生草字幕组,应瑶光,2,1
生草字幕组,始于2015年07月07日,2,2
生草字幕组,Sexy_Honey_Masa,2,2
生草字幕组,小陈九五二六,2,2
生草字幕组,舟州洲_隐姓埋名版,2,1
生草字幕组,Barista-阿强,2,1
生草字幕组,泛用型扎吉,2,2
生草字幕组,社会主义快乐人质,2,2
生草字幕组,蝈蝈柚子,2,2
生草字幕组,牙疼的龙猫,2,2
生草字幕组,灼眼的小熊,2,2
生草字幕组,套汉子的木马子威武雄壮,2,2
生草字幕组,小黑夜酱,2,2
生草字幕组,Aubrey柠,2,2
生草字幕组,承诺的太美因为太自信,2,2
生草字幕组,MM_urphyMua,2,1
生草字幕组,pooh-二颖,2,1
生草字幕组,净空领域,2,2
生草字幕组,小狗特供,2,1
生草字幕组,化雪煮酒,2,1
生草字幕组,QuatschNEXT,2,1
生草字幕组,THE_O_是个小胖纸,2,2
生草字幕组,鱼汪汪汪,2,2
生草字幕组,精神很稳定一人,2,1
生草字幕组,一本正经的AK君,2,2
生草字幕组,严重睡眠不足啊,2,2
生草字幕组,晚睡波比owo,2,2
生草字幕组,钮钴禄卷深圳莲花池版,2,2
生草字幕组,-JiuMeng-,2,2
生草字幕组,_VIVl_,2,2
生草字幕组,绊仔,2,2
生草字幕组,栗子熱牛奶,2,2
生草字幕组,秉烛夜游者,2,2
生草字幕组,ouepghdy,2,2
生草字幕组,廖大仙儿,2,2
生草字幕组,洛唯__,2,2
生草字幕组,期待发光的雨滴,2,1
生草字幕组,小兔子不可以听,2,1
生草字幕组,希望2024高抬贵手的magi,2,2
生草字幕组,Cmsama-CO,2,2
生草字幕组,Kikuchi_Kara,2,1
生草字幕组,黒角砂糖,2,2
生草字幕组,修楷清的向薇儿,2,2
生草字幕组,豆豆茶啊,2,1
生草字幕组,黑鹤的鹤是隺鸟鹤,2,1
生草字幕组,天降大任于斯人也必先伤筋动骨,2,2
生草字幕组,慢吞吞啊慢tuntun,2,1
生草字幕组,追杀杜松子样本_,2,1
生草字幕组,椰奶布丁西米露,2,2
生草字幕组,戒微博指日可待,2,1
生草字幕组,左手君你在干神马,2,1
生草字幕组,-疑似半日闲-,2,2
生草字幕组,玥崖_,2,2
生草字幕组,夏商周的贾斯丁,2,1
生草字幕组,蓝石头小布努力自我重建中,2,2
生草字幕组,一吞彩一,2,2
生草字幕组,米心好甜,2,2
生草字幕组,YanC芋头味蟹粉小笼包,2,2
生草字幕组,粉腸saoyasou,2,2
生草字幕组,小鱼阿野七分甜,2,2
生草字幕组,你能不能能不能少吃点,2,1
生草字幕组,谏山南瓜,2,2
生草字幕组,诛砂,2,2
生草字幕组,-宵待雨月-,2,2
生草字幕组,每天都在饿的4颠2,2,2
生草字幕组,-C婵,2,2
生草字幕组,天河朔夜-,2,1
生草字幕组,江东少年陆伯言,2,1
生草字幕组,阿格里蛙,2,2
生草字幕组,苦不唐捐儿,2,2
生草字幕组,悠然天青,2,2
生草字幕组,佛系嘀嗒猫,2,2
生草字幕组,Enoch_stormrage,2,1
生草字幕组,用户7723210836,2,1
生草字幕组,午後-De-咖啡,2,1
生草字幕组,半身遂半身不遂,2,2
生草字幕组,空手君,2,2
生草字幕组,白桃乌龙冰冰茶zby,2,2
生草字幕组,_BlindingLights_,2,2
生草字幕组,秦勉,2,2
生草字幕组,和小鱼熠起赴山野,2,2
生草字幕组,暗夜明亮,2,2
生草字幕组,Bobi啵比w_,2,2
生草字幕组,星殇的那个猫咪,2,1
生草字幕组,不戴帽子的兔子先生,2,2
生草字幕组,再咕一会儿_,2,1
生草字幕组,Lucky萝莉少女,2,2
生草字幕组,溯鱼鱼鱼鱼鱼,2,2
生草字幕组,the_special_blackcat,2,2
生草字幕组,鸿运之主,2,2
生草字幕组,村头一霸卷卷子,2,2
生草字幕组,一只包子_非气退散,2,2
生草字幕组,厦门上空的蔚蓝,2,1
生草字幕组,EE_ShijouP,2,2
生草字幕组,波斯公纸,2,2
生草字幕组,若雪cecilia,2,2
生草字幕组,风舞妖夭,2,2
生草字幕组,超爱好糖,2,2
生草字幕组,就算是女鬼也可以,2,1
生草字幕组,白泽曈-白泽葳朋,2,2
生草字幕组,渐行渐远渐遗忘,2,2
生草字幕组,优雅的黑黑球,2,2
生草字幕组,花少女_Hana,2,2
生草字幕组,紫纱,2,2
生草字幕组,大宝only_one,2,2
生草字幕组,sudayuuji,2,1
生草字幕组,洞察者zavan,2,2
生草字幕组,松本猫大叔,2,2
生草字幕组,赠君白帽姚广孝,2,2
生草字幕组,野人飞不动,2,2
生草字幕组,何患腰粗,2,2
生草字幕组,真三OJOO,2,2
生草字幕组,窝还四内鸽撒手么得感情也么得钱,2,1
生草字幕组,一只路过的poi,2,2
生草字幕组,summydandan,2,2
生草字幕组,Link_Minna,2,1
生草字幕组,jxglay,2,2
生草字幕组,JR川崎駅駅長,2,2
生草字幕组,嘻耶耶女士在发疯,2,1
生草字幕组,今天开始攒RP,2,2
生草字幕组,CARROT_ddk_k,2,2
生草字幕组,林叫兽告诉土哥,2,2
生草字幕组,厉如兰,2,1
生草字幕组,供糖过度,2,2
生草字幕组,我是你双叔呀,2,2
生草字幕组,腐萌化-MKB,2,2
生草字幕组,等待080808,2,2
生草字幕组,广州杰斯仔,2,2
生草字幕组,Ryuzo,2,2
生草字幕组,某独_一逐风雨任平生,2,2
生草字幕组,神田优姬咸鱼社畜想退休,2,2
生草字幕组,萨尔斯堡的奥呆丽,2,2
生草字幕组,TSE-X-ShiEh,2,2
生草字幕组,琉璃镜月,2,2
生草字幕组,赤胆忠心Moss酱,2,2
生草字幕组,A_鹤子,2,2
生草字幕组,wO雨墨墨墨,2,2
生草字幕组,Crowcat_绅士假面,2,2
生草字幕组,bonnia_ABLE,2,2
生草字幕组,噗噗噗阿酱改名成暗金半泽直树了,2,2
生草字幕组,小茶茶儿,2,2
生草字幕组,奥黛丽和马,2,2
生草字幕组,是谁不关键了,2,2
生草字幕组,齐刘海缚灵,2,1
生草字幕组,-思哀世哀-,2,2
生草字幕组,和小傅宇宙第一好,2,1
生草字幕组,呆头小懒,2,2
生草字幕组,小盒恋爱日记,2,2
生草字幕组,Biggest潜水艇,2,2
生草字幕组,希酱QAQ,2,2
生草字幕组,飞奔夜鹦鹉,2,2
生草字幕组,乘先生啊,2,2
生草字幕组,我好像不是叫这个名字呢,2,1
生草字幕组,芯貝嘛嘛,2,2
生草字幕组,新世纪抹茶战士,2,2
生草字幕组,午夜绷带酱,2,1
生草字幕组,偏爱啾啾,2,2
生草字幕组,X3MU,2,2
生草字幕组,槑槑的醋溜便当,2,2
生草字幕组,一碗美美子,2,2
生草字幕组,長野桜_今天也在沉迷男色,2,2
生草字幕组,奶油蘑菇汤真好喝哎巴扎嘿,2,2
生草字幕组,有四只猫猫的平静上班族,2,1
生草字幕组,长绒毛的雪人,2,1
生草字幕组,丁奕如,2,2
生草字幕组,夙酒未醉,2,1
生草字幕组,elva-恋,2,1
生草字幕组,喵De小漂亮呀,2,2
生草字幕组,Meredith_LyN,2,2
生草字幕组,千了个禧禧,2,2
生草字幕组,海底走路的鱼提着灯笼,2,1
生草字幕组,羊毛今天肝了吗,2,2
生草字幕组,得安v,2,2
生草字幕组,-LucasShum-,2,2
生草字幕组,不知名丢人博主,2,2
生草字幕组,肥丢丢的大锦鲤,2,2
生草字幕组,永远爱爸爸妈妈的岑大小姐,2,2
生草字幕组,悠真八重歯,2,2
生草字幕组,叮苓苓苓,2,2
生草字幕组,我的法棍刚烤好,2,1
生草字幕组,多放葱姜蒜,2,2
生草字幕组,askurau,2,2
生草字幕组,壑壑鹅鹅饿饿,2,2
生草字幕组,陈言小语,2,2
生草字幕组,猫与空茶杯,2,1
生草字幕组,欣欣然呀_,2,2
生草字幕组,大吉大利肉可可,2,2
生草字幕组,小狗牌芝士年糕-,2,1
生草字幕组,尖耳朵大尾巴不出门,2,2
生草字幕组,尼雅说bot,2,2
生草字幕组,何须多见复多求,2,2
生草字幕组,yihanXX,2,2
生草字幕组,兔子n糖_,2,2
生草字幕组,叶暮芸,2,2
生草字幕组,人偶_神吐槽,2,2
生草字幕组,sqmy2622,2,2
生草字幕组,张点心想扭转时间,2,2
生草字幕组,咸鱼少女九烟,2,1
生草字幕组,云的边角料,2,1
生草字幕组,前武藏野市民小王,2,2
生草字幕组,舆谴,2,1
生草字幕组,捣捣猫呀_620,2,2
生草字幕组,frankwjt,2,1
生草字幕组,地瓜酱,2,2
生草字幕组,x妮卡娜x,2,2
生草字幕组,挽宁宁_,2,2
生草字幕组,摩卡寶小姐,2,2
生草字幕组,大幸幸-逆转什么时候出新作,2,2
生草字幕组,热爱种菜的纠结煎蛋,2,1
生草字幕组,剑心-至少要有限的进步,2,2
生草字幕组,frecklesandsmiles,2,1
生草字幕组,企鹅圈圈666,2,1
生草字幕组,来一份苏酥甜心糕配姜橙汁,2,2
生草字幕组,雪璃音_AlpacaBlack,2,2
生草字幕组,奶油味_Aloha,2,1
生草字幕组,哼还不如喜羊羊哥哥,2,1
生草字幕组,木易王京,2,2
生草字幕组,甜米糕肥牛,2,2
生草字幕组,斧乃木_余接,2,2
生草字幕组,有棱角的小球,2,1
生草字幕组,胖达君Tourism,2,2
生草字幕组,王座法庭鏟屎官,2,2
生草字幕组,教猪是只长耳朵短尾巴的怪兽,2,2
生草字幕组,章国和,2,2
生草字幕组,十十榴榴六,2,1
生草字幕组,碌玉珞石,2,1
生草字幕组,橘屿刀,2,2
生草字幕组,7号傀儡师,2,2
生草字幕组,果尔给他,2,2
生草字幕组,5花又,2,2
生草字幕组,小白菜白又白QWQ,2,2
生草字幕组,僧哥脱个p的团,2,2
生草字幕组,猫屋敷喵呜,2,2
生草字幕组,荷兰猪减肥专家,2,2
生草字幕组,张小白哇咔咔,2,2
生草字幕组,求你吃一口_Official,2,1
生草字幕组,yzhylnx,2,2
生草字幕组,哈布斯堡洛林,2,2
生草字幕组,清风乱序,2,2
生草字幕组,Rinaaa婷婷,2,2
生草字幕组,番茄味的八筒,2,2
生草字幕组,幽祢,2,2
生草字幕组,文明吃瓜啦啦啦啦啦啦啦,2,1
生草字幕组,偷冒扣TOMOKO,2,1
生草字幕组,W蜜色阳光W,2,2
生草字幕组,Naomi_透明人间,2,2
生草字幕组,天生我蚕必有豆,2,2
生草字幕组,早起way,2,2
生草字幕组,周末不起床_,2,2
生草字幕组,Simmter,2,2
生草字幕组,清风舞藤,2,2
生草字幕组,-ACR,2,2
生草字幕组,唱歌的傻瓜_,2,2
生草字幕组,-子若Wakako-,2,2
生草字幕组,韩小盒儿,2,2
生草字幕组,哇唬爱吃,2,2
生草字幕组,玄米乌龙特饮茶,2,2
生草字幕组,长沙油头王,2,2
生草字幕组,隔壁陈二欢,2,1
生草字幕组,比特币一个亿,2,2
生草字幕组,阿随向前冲,2,2
生草字幕组,kuma熊白,2,2
生草字幕组,Ian的流浪地图,2,1
生草字幕组,缓归矣_缓缓,2,2
生草字幕组,PuTooi,2,1
生草字幕组,悠莜至天涯,2,1
生草字幕组,我已经是一个废苗了,2,2
生草字幕组,AddTen_,2,2
生草字幕组,滾水煲蜜糖,2,2
生草字幕组,飞家茹茹ruki,2,2
生草字幕组,帮我打包个汉堡,2,2
生草字幕组,立华奏-3-,2,2
生草字幕组,爱爬树的zeta,2,2
生草字幕组,x君应该沉默寡言,2,2
生草字幕组,天污星-段子手-红玉,2,2
生草字幕组,花间的小店,2,2
生草字幕组,JoyxLIght,2,2
生草字幕组,lilian的世界,2,1
生草字幕组,園園長長長,2,2
生草字幕组,Coolwbg,2,1
生草字幕组,ino无限章鱼火锅制,2,1
生草字幕组,将五音kkk,2,2
生草字幕组,哼哧哼哧小蘑菇,2,2
生草字幕组,你好再見祝你好運,2,2
生草字幕组,蝶蝶要努力早睡,2,2
生草字幕组,ling桑,2,1
生草字幕组,北小岛同学,2,2
生草字幕组,小骗子汪老师,2,2
生草字幕组,洛灬子兮,2,2
生草字幕组,LllwY___,2,1
生草字幕组,_请回答__,2,2
生草字幕组,Trista_TheAlien,2,2
生草字幕组,-永恒的旅客-,2,2
生草字幕组,雨天继续求RP,2,2
生草字幕组,好想叹早茶又唔想起咁早,2,2
生草字幕组,不懂想要摸鱼,2,2
生草字幕组,BIN卜,2,2
生草字幕组,清风明月夜亮,2,2
生草字幕组,译水冰冰,2,1
生草字幕组,飛雲Abs,2,2
生草字幕组,面包吐司三明治,2,1
生草字幕组,那年杏华微宇,2,1
生草字幕组,融融_夜半妄想症,2,1
生草字幕组,A怪物十三Z,2,1
生草字幕组,古早网名_在在的花,2,2
生草字幕组,AKB48--胖虎,2,2
生草字幕组,轻薄的菠萝,2,2
生草字幕组,风无雪的云,2,1
生草字幕组,Akira-不放弃,2,2
生草字幕组,利沅Laaaaa,2,2
生草字幕组,软软糯糯白白圆圆,2,2
生草字幕组,篠熊猫黑白,2,2
生草字幕组,某-乱,2,2
生草字幕组,傻Money,2,2
生草字幕组,月下箫声yx,2,2
生草字幕组,沐沐宸,2,2
生草字幕组,钢研,2,2
生草字幕组,尤零零零er,2,2
生草字幕组,kyeom_kiyo,2,1
生草字幕组,魉桜,2,2
生草字幕组,Matthew__M,2,2
生草字幕组,山楂叶子,2,2
生草字幕组,优秀女忍者,2,1
生草字幕组,千亿夏,2,2
生草字幕组,棒棒哒大阎,2,2
生草字幕组,方俞伟,2,2
生草字幕组,至冬宇航員_a,2,2
生草字幕组,小新妹妹的小丸子,2,1
生草字幕组,Raccoonbaby,2,2
生草字幕组,不加糖也很甜的星星酱,2,2
生草字幕组,不要在意我说啥,2,2
生草字幕组,无数小球球,2,2
生草字幕组,tzsrecycles,2,2
生草字幕组,鹤唳风声0203,2,2
生草字幕组,是仙女就要陈住气,2,2
生草字幕组,红豆芋泥冰沙粥,2,2
生草字幕组,April-in-May,2,2
生草字幕组,无边落木里白沙点点熠熠,2,2
生草字幕组,Fei吐泡泡,2,2
生草字幕组,cygnus晕晕版,2,2
生草字幕组,听你啾啾,2,1
生草字幕组,dare林恩,2,2
生草字幕组,geeferry,2,2
生草字幕组,妹纸不可能那么可爱,2,2
生草字幕组,好多鱼鳞,2,1
生草字幕组,刷团吐血的零时咏叹,2,2
生草字幕组,把名字改得让大家都不知道我是谁,2,2
生草字幕组,小小锐狂想曲,2,1
生草字幕组,漫画店数桃子,2,2
生草字幕组,EvolunS,2,2
生草字幕组,少女不谢我热心,2,2
生草字幕组,SingleRich,2,2
生草字幕组,幸圆圆,2,2
生草字幕组,白轻尘,2,2
生草字幕组,Pokerrazzi,2,1
生草字幕组,赛吖赛西乐,2,2
生草字幕组,天天都喜欢朱拢龙,2,2
生草字幕组,再不好吃也不能挂啊,2,2
生草字幕组,破吾执,2,2
生草字幕组,一个没什么意思的名字,2,1
生草字幕组,秦梦琉,2,1
生草字幕组,滿滿昕思De豚,2,2
生草字幕组,不弃家的豆花酱,2,2
生草字幕组,奇异松鼠妙妙屋,2,2
生草字幕组,Ohhuua,2,1
生草字幕组,ArashiTen,2,2
生草字幕组,江桃良,2,2
生草字幕组,一桶快乐羊,2,2
生草字幕组,Gaara的砂葫芦,2,2
生草字幕组,kkwt不是KK,2,1
生草字幕组,磯風厨,2,2
生草字幕组,林屿森吃瓜,2,2
生草字幕组,淦霖浪里个浪,2,2
生草字幕组,80斤求长胖,2,2
生草字幕组,南风宜晴日,2,2
生草字幕组,阿面面-需要火盆避瘟,2,2
生草字幕组,焚琴的浪子_,2,2
生草字幕组,钮钴禄·魏淑芬,2,2
生草字幕组,针不戳我针不戳,2,1
生草字幕组,璃心小朋友Tinh,2,2
生草字幕组,ubbulli_,2,2
生草字幕组,sukiZHEN世界,2,1
生草字幕组,低能兒的死錢鬼,2,2
生草字幕组,何处暖阳不倾城_zj,2,1
生草字幕组,-_白芷_-,2,2
生草字幕组,fadeawayrefrain,2,2
生草字幕组,嘉囝_划水摸鱼小能手,2,2
生草字幕组,从前有只魂,2,2
生草字幕组,馬田史髙西斯,2,2
生草字幕组,sd10980,2,1
生草字幕组,Syanerbaby,2,1
生草字幕组,KuguKiugu,2,2
生草字幕组,-LoveBogumForever-,2,2
生草字幕组,小黑爱小白,2,2
生草字幕组,开心蓝箭-曲靖,2,2
生草字幕组,阿呱呱-园丁入门,2,2
生草字幕组,小可2024要好运连连ovo,2,2
生草字幕组,梓苏-兜兜里有糖,2,2
生草字幕组,画墨芳,2,1
生草字幕组,Tan_人生海海,2,2
生草字幕组,刘小琪玩不死,2,2
生草字幕组,墨鱼蛋炒饭,2,2
生草字幕组,牛蹄蹄好牛,2,2
生草字幕组,rara的胡萝卜,2,2
生草字幕组,策马曳裳-陈友龙,2,2
生草字幕组,Fura_被杀死的青色,2,1
生草字幕组,狗狗睡不饱,2,1
生草字幕组,饭岛兔兔子,2,2
生草字幕组,SELENA马同学,2,1
生草字幕组,绿荫不减来时路啊,2,1
生草字幕组,落在夜光河堤,2,1
生草字幕组,咕咕脸咕咕,2,2
生草字幕组,Hey么么哒呀,2,2
生草字幕组,贫瘠小行星种一道彩虹,2,2
生草字幕组,你像红尘掠过_样,2,2
生草字幕组,池田岛和,2,1
生草字幕组,LiveInDaDream,2,1
生草字幕组,快吃点饺子,2,2
生草字幕组,段正喵不喵,2,2
生草字幕组,褚彦回,2,1
生草字幕组,翘屁嫩菌-火锅菌,2,2
生草字幕组,Roshi原Kue盐,2,2
生草字幕组,甜甜甜豆儿_,2,1
生草字幕组,云雾虾饺·,2,2
生草字幕组,sunnyday_94,2,2
生草字幕组,唯澪,2,2
生草字幕组,我也可以叫圆圆,2,1
生草字幕组,岚轩雪,2,1
生草字幕组,卡普亲,2,2
生草字幕组,H·kar·,2,1
生草字幕组,蕾雅蓝顿,2,2
生草字幕组,暗夜流光M,2,1
生草字幕组,奈河桥畔雨后燕,2,2
生草字幕组,0天才曦曦0,2,2
生草字幕组,Level00F,2,1
生草字幕组,寒腿战士,2,2
生草字幕组,逃不走的penguin_,2,2
生草字幕组,小i珊,2,2
生草字幕组,雨中独步享清风,2,2
生草字幕组,门卫老王彩电看第四,2,2
生草字幕组,AB型老E,2,2
生草字幕组,白露为霜提珞子,2,2
生草字幕组,刺杀小小人,2,2
生草字幕组,_塔里木_,2,2
生草字幕组,和僵尸粉不共戴天的不靠谱伪文青,2,2
生草字幕组,_对方没在输入_,2,1
生草字幕组,changan72,2,2
生草字幕组,阿全2020,2,1
生草字幕组,脱力其实没有意义,2,1
生草字幕组,诺子立志成为阳光好少年,2,2
生草字幕组,超能菌香,2,1
生草字幕组,Cancer嘉丽,2,2
生草字幕组,永远的金箔玫瑰,2,2
生草字幕组,卢卡-卢卡哇,2,1
生草字幕组,朙月当空照古今,2,2
生草字幕组,安凯恩,2,2
生草字幕组,追星十诫,2,1
生草字幕组,嘻哈诗人LLLzy,2,2
生草字幕组,愤怒的滚圆圆,2,2
生草字幕组,卡七马,2,2
生草字幕组,六一当然过六一,2,2
生草字幕组,mtsd-dstm,2,2
生草字幕组,凯豆每天都在等着总裁发5亿,2,1
生草字幕组,北乔乔乔,2,2
生草字幕组,不是倒霉蛋吖,2,1
生草字幕组,爬墙中的螃蟹,2,2
生草字幕组,太宰优子_今天汪出TV第二季了吗,2,2
生草字幕组,萌气流氓无脸男,2,2
生草字幕组,沒有心軟的神,2,1
生草字幕组,oh-zoe,2,2
生草字幕组,HW_喵喵喵,2,2
生草字幕组,张鹤之二号,2,1
生草字幕组,深蓝之雨云,2,2
生草字幕组,簌霭,2,1
生草字幕组,JANA旅行中,2,2
生草字幕组,那心依旧_漪萱,2,2
生草字幕组,嘉然丸吞Suket-Key,2,2
生草字幕组,热心网友二水_,2,2
生草字幕组,蟋蟀as,2,2
生草字幕组,幻想邂逅·,2,2
生草字幕组,台風9号,2,2
生草字幕组,ZZ-蚊,2,2
生草字幕组,狐狸望月,2,2
生草字幕组,飞扬_蓝_Ko,2,2
生草字幕组,何愚与隅,2,2
生草字幕组,咚咚咚咚漂_喵酱,2,2
生草字幕组,Nekosensei三三,2,1
生草字幕组,Joker贤,2,2
生草字幕组,XIAHL涵,2,2
生草字幕组,萌龙嗅蔷薇,2,2
生草字幕组,Kabalt_,2,1
生草字幕组,Daisy心想事成,2,2
生草字幕组,席兹,2,2
生草字幕组,夜之寂静,2,2
生草字幕组,意志坚定的花生酱,2,2
生草字幕组,迪拜中阿卫视,2,2
生草字幕组,天气预报今天有风,2,1
生草字幕组,无语榴莲炖金针菇,2,2
生草字幕组,WSSYRYYC,2,2
生草字幕组,杨小熊家羊咩咩,2,2
生草字幕组,我有土豆症,2,2
生草字幕组,给您添蘑菇了呢,2,2
生草字幕组,东家奋起,2,2
生草字幕组,熙然子,2,2
生草字幕组,相楽桜,2,2
生草字幕组,用户6877395768,2,2
生草字幕组,冥冥爱吃菜,2,2
生草字幕组,毛韭挠挠腿,2,2
生草字幕组,Trouserm,2,2
生草字幕组,岩本照的圣诞树,2,2
生草字幕组,原子CaoYuan,2,2
生草字幕组,想养跳鲈的咸鱼,2,1
生草字幕组,一个纯洁子,2,2
生草字幕组,初见只寻常,2,2
生草字幕组,用户7658872771,2,1
生草字幕组,水溶液_,2,2
生草字幕组,胖得瘦不了_jj,2,2
生草字幕组,anni-anji,2,2
生草字幕组,oju_dfe,2,2
生草字幕组,竹节虫木,2,2
生草字幕组,捞靖靖靖靖靖,2,2
生草字幕组,南半球吴彦祖,2,1
生草字幕组,最近不去海边了,2,2
生草字幕组,-吃粮少女迪酱-,2,2
生草字幕组,吖肖兔子,2,2
生草字幕组,绛紫微光,2,2
生草字幕组,电子一打七会梦见仿生艾默里克吗,2,2
生草字幕组,早安卡林顿晚安老特拉福德,2,2
生草字幕组,Ryuki_陽,2,2
生草字幕组,马田张,2,2
生草字幕组,乔公子USdoll,2,2
生草字幕组,郢栀栀,2,2
生草字幕组,缈缈折风,2,2
生草字幕组,要暴富的萌萌,2,2
生草字幕组,蔍晗,2,2
生草字幕组,未完待续7878,2,1
生草字幕组,白菜配鸡腿,2,1
生草字幕组,猴姆-欧巴,2,1
生草字幕组,Be_as_one谈嘉祺,2,2
生草字幕组,Aries笑颜猫,2,2
生草字幕组,真心换真心77,2,2
生草字幕组,人形师Koji,2,2
生草字幕组,可乐罐子小呆,2,2
生草字幕组,宅内燃料満载,2,2
生草字幕组,桃子淇淇,2,1
生草字幕组,万事胜意七星高照,2,2
生草字幕组,夏沐SAMA,2,2
生草字幕组,VelociraptorBlue,2,1
生草字幕组,Sakurai末伐,2,2
生草字幕组,肖赞爱吃王甜甜,2,2
生草字幕组,我有小运气在里面,2,1
生草字幕组,自闭仙人掌,2,2
生草字幕组,DDDDDDust,2,1
生草字幕组,皮糙肉厚抠脚大汉broccoli,2,2
生草字幕组,别薅本咩羊毛,2,2
生草字幕组,米饭芝,2,2
生草字幕组,浅果子的日常,2,2
生草字幕组,烨烨酱w,2,1
生草字幕组,临泽第一DJ,2,1
生草字幕组,C2ueL,2,2
生草字幕组,-OSoleMio-,2,1
生草字幕组,niuniu小橘,2,2
生草字幕组,美人鱼飞上天空,2,1
生草字幕组,_隐隐隐于小山林_,2,2
生草字幕组,yo不想再努力了,2,1
生草字幕组,轰炸机艾某某_A,2,2
生草字幕组,萨菲琉斯,2,2
生草字幕组,茵珏瑛,2,1
生草字幕组,兔子猫XXR也是溜肩,2,2
生草字幕组,梦夜纸,2,2
生草字幕组,白书-ls,2,2
生草字幕组,每天一颗幸运星,2,2
生草字幕组,阿打啊打啊打打打,2,2
生草字幕组,乐意同学,2,2
生草字幕组,降大雷,2,1
生草字幕组,抚琴独歌是只猫,2,2
生草字幕组,菠萝蜜和橙叔叔,2,2
生草字幕组,PolloBoxx,2,2
生草字幕组,就是爱吃的Quinn,2,2
生草字幕组,haroNeuhs,2,2
生草字幕组,我是泥们滴太阳,2,2
生草字幕组,Ash菠萝同学,2,2
生草字幕组,阿兮YY,2,1
生草字幕组,周大兔他说,2,2
生草字幕组,俊趣功铭,2,2
生草字幕组,吱吱厚牛堡,2,1
生草字幕组,McAPhenix,2,2
生草字幕组,ReReReRem,2,2
生草字幕组,Watson_inside,2,2
生草字幕组,90年代第一打星安嘉和,2,2
生草字幕组,粗花呢_,2,2
生草字幕组,-潇文-,2,2
生草字幕组,允在直到世界终结,2,2
生草字幕组,湄子_YuuuViA,2,2
生草字幕组,EarFly,2,2
生草字幕组,SaaaaLHam,2,2
生草字幕组,未已__,2,2
生草字幕组,dc_luo_z316,2,1
生草字幕组,天然宅,2,2
生草字幕组,BCkong,2,2
生草字幕组,月溪客的小日常,2,2
生草字幕组,不是达摩是萨摩,2,2
生草字幕组,朱喜旺_chou,2,2
生草字幕组,花吃了妖精,2,2
生草字幕组,鹿角胁立兜,2,1
生草字幕组,笑师鎏树,2,1
生草字幕组,daydream生活馆,2,2
生草字幕组,LemoniCede,2,2
生草字幕组,乌尔法wurfa,2,1
生草字幕组,依依v月翼_YoI,2,2
生草字幕组,宵queen,2,2
生草字幕组,itA1k2th3rAin,2,2
生草字幕组,真杯具瓶子,2,2
生草字幕组,章鱼写完论文了吗,2,1
生草字幕组,酒梦轻吟,2,2
生草字幕组,漆小步,2,2
生草字幕组,肆染寂,2,1
生草字幕组,九命貓_ZHI,2,2
生草字幕组,樱井雅纪_SakuraiMasaki,2,2
生草字幕组,天堂地狱之间徘徊,2,1
生草字幕组,一些得意猫狗bot,2,1
生草字幕组,Killalusimeno,2,2
生草字幕组,喵_小鬼,2,1
生草字幕组,日日是好日啊,2,1
生草字幕组,老公病晚期患者,2,1
生草字幕组,宵夜宵夜宵-,2,2
生草字幕组,顾西白,2,2
生草字幕组,廿四同学,2,2
生草字幕组,十间间,2,2
生草字幕组,遊_小培,2,2
生草字幕组,Ashy咲惜丶,2,2
生草字幕组,hurry胡的世界,2,1
生草字幕组,芦叶与寒沙,2,2
生草字幕组,一根稻草1216,2,2
生草字幕组,牛肉包子兔,2,2
生草字幕组,如花花发发发,2,2
生草字幕组,负能量退散-郭筝,2,2
生草字幕组,Zeratulag-,2,2
生草字幕组,双马尾大葱在线打劫,2,1
生草字幕组,黑石凉,2,2
生草字幕组,摄影渣-饭盒yan02,2,2
生草字幕组,开心果37321,2,1
生草字幕组,麦子茶,2,2
生草字幕组,巴黎_允诺在一生,2,2
生草字幕组,YQYZYL,2,2
生草字幕组,叫球球怎么就不行了,2,1
生草字幕组,逐日向上_動搖的天秤,2,2
生草字幕组,逆转三石君,2,2
生草字幕组,我在慢慢褪色,2,1
生草字幕组,米大可不吃菜,2,2
生草字幕组,猫了个琳儿,2,2
生草字幕组,樱外梨子,2,2
生草字幕组,鱼rou丸子,2,2
生草字幕组,Haritaki,2,2
生草字幕组,独自凭阑雪茫茫,2,2
生草字幕组,Heisenberg_白,2,2
生草字幕组,lsen06,2,2
生草字幕组,_NSA_,2,2
生草字幕组,停不下的吃货,2,1
生草字幕组,上班狗旺旺每天倒计时,2,2
生草字幕组,卡比兽属草团团种,2,2
生草字幕组,然怡劉,2,2
生草字幕组,暮为落音,2,2
生草字幕组,NARCISSUS物语,2,2
生草字幕组,可爱善良美大叔,2,2
生草字幕组,knightkid,2,2
生草字幕组,虚禾Magato,2,1
生草字幕组,黎明的蓝---,2,1
生草字幕组,一曲篁音,2,1
生草字幕组,瑪琪朵朵朵_,2,2
生草字幕组,狂赞士HRC,2,2
生草字幕组,知岚,2,2
生草字幕组,吉吉酱_是渣攻,2,2
生草字幕组,珑玺凤君,2,1
生草字幕组,李飞这盛世如你所愿,2,1
生草字幕组,大强哥哥EN_ROUTE,2,2
生草字幕组,春残雪,2,2
生草字幕组,好柿柠檬树,2,2
生草字幕组,natisi,2,1
生草字幕组,韩胖子九,2,2
生草字幕组,花影流溯w,2,2
生草字幕组,昀昀-努力画画版,2,2
生草字幕组,蓬莱蛇莲,2,2
生草字幕组,坚韧的细胞壁,2,1
生草字幕组,先知维纶,2,2
生草字幕组,CrazyD_Josuke,2,2
生草字幕组,lisadaisy,2,2
生草字幕组,天藴烟莎,2,2
生草字幕组,柿子皮皮皮,2,2
生草字幕组,爱与正义的逗比美少女壮士包纸,2,2
生草字幕组,酒嗣不肆酒,2,2
生草字幕组,看见妖怪的心,2,1
生草字幕组,大酥拿放,2,2
生草字幕组,宝藏女孩--love,2,2
生草字幕组,ARA_13,2,1
生草字幕组,总攻三,2,2
生草字幕组,123小九点,2,1
生草字幕组,Getty_S,2,2
生草字幕组,兰伯特重症患者_Velvet,2,2
生草字幕组,碳酸纸巾,2,2
生草字幕组,没人能发现的杨艾伦,2,2
生草字幕组,黄归去来,2,2
生草字幕组,老墨___,2,2
生草字幕组,现欧锁了,2,2
生草字幕组,耳机退烧后骑机车的魔炮子,2,2
生草字幕组,亲爱的_亲爱的_你好吗,2,2
生草字幕组,修罗小林爷Ll,2,1
生草字幕组,_艾丽卡酱,2,2
生草字幕组,youcha,2,2
生草字幕组,HonenMoka,2,2
生草字幕组,怒逼貓頭飛雪爺,2,2
生草字幕组,hmilulele,2,1
生草字幕组,拾一地星梦,2,2
生草字幕组,达达就是点点,2,2
生草字幕组,仿生兔会梦见电子小狗吗,2,2
生草字幕组,桂林室内设计PANXI藝術,2,2
生草字幕组,糖分不够哪,2,2
生草字幕组,心孤意怯之苦,2,2
生草字幕组,YasashiiAme,2,2
生草字幕组,鱼秋酱,2,2
生草字幕组,天使之城Angela,2,2
生草字幕组,ID太长躲猫猫的时候会被发现么,2,2
生草字幕组,左左不是Hidari酱,2,2
生草字幕组,LJ-yogu,2,1
生草字幕组,小夜喵不爱取名字OvO,2,2
生草字幕组,咸牛奶甜咖啡,2,2
生草字幕组,白羽-Shiroha-,2,2
生草字幕组,布尔蕉亚,2,1
生草字幕组,啊晕晕仔,2,2
生草字幕组,露叔-,2,2
生草字幕组,路痴导盲津津犬,2,2
生草字幕组,跟月亮say,2,2
生草字幕组,莱维DaNivix,2,2
生草字幕组,梅子酱热爱摄影,2,2
生草字幕组,畅音阁,2,2
生草字幕组,是你的月亮辣w,2,2
生草字幕组,沙拉莹,2,2
生草字幕组,hey_misshy,2,2
生草字幕组,jaejoong_jojo酱,2,2
生草字幕组,松月微醺,2,2
生草字幕组,魅力紸捔,2,2
生草字幕组,sillysickben,2,2
生草字幕组,有所偏頗,2,1
生草字幕组,悠铀,2,2
生草字幕组,埼玉县春日部野原新之助,2,2
生草字幕组,bigsquares,2,1
生草字幕组,人菜瘾大李材韩,2,2
生草字幕组,圆圆织宗宗,2,2
生草字幕组,POPPY_Cong,2,1
生草字幕组,白色战船的驾驶员,2,1
生草字幕组,俊不溜,2,1
生草字幕组,夏稀寒_,2,1
生草字幕组,大比亚峰哥,2,1
生草字幕组,粽子与豆沙,2,1
生草字幕组,后知至后觉,2,2
生草字幕组,好好做一只猫,2,2
生草字幕组,要不要看老子的微博,2,2
生草字幕组,彬彬的彬Bingo,2,2
生草字幕组,被风干的触手星人异化了的嗜雪,2,2
生草字幕组,_MINNNK,2,2
生草字幕组,高达及其他,2,2
生草字幕组,主播依赖博主萌犬显,2,1
生草字幕组,萌萌2920,2,1
生草字幕组,开银-趴不叫我是吧,2,1
生草字幕组,-黑白旗帜-,2,2
生草字幕组,鼎盛沙龙,2,2
生草字幕组,奈文柠檬,2,1
生草字幕组,苏河超健康,2,1
生草字幕组,玊尔无边界,2,1
生草字幕组,伊妹儿411,2,1
生草字幕组,杳山ayumi,2,1
生草字幕组,Malog,2,1
生草字幕组,神秘的咚咚锵775,2,1
生草字幕组,时间里雨的故事,2,2
生草字幕组,_小雲orz,2,2
生草字幕组,喝草莓牛奶的猫,2,2
生草字幕组,fo系选手阿福,2,2
生草字幕组,世界第一可爱猫咪老师,2,2
生草字幕组,迦陵频珈,2,1
生草字幕组,风止息兮云中,2,1
生草字幕组,十二月疯兔子,2,1
生草字幕组,-指尖的流年-,2,2
生草字幕组,大写就是大写,2,1
生草字幕组,只想呵呵呵的小倩,2,2
生草字幕组,野生麦片xk,2,2
生草字幕组,迷恋汞灯的炖煮,2,1
生草字幕组,潜鱼千羽yq,2,1
生草字幕组,Bibbiboo,2,2
生草字幕组,a珀命的珀是琥珀君,2,2
生草字幕组,AAA东北芝麻酱,2,2
生草字幕组,sooldfieeld,2,2
生草字幕组,running小超人是不落的太阳,2,2
生草字幕组,我真的叫皓哥,2,2
生草字幕组,迷人的腊肠饭,2,2
生草字幕组,仙台冬菇sho_OzenFish,2,2
生草字幕组,谸蠍堂-M瞳子,2,2
生草字幕组,武器大师一方通行,2,2
生草字幕组,JC_Oppa,2,2
生草字幕组,师绘,2,2
生草字幕组,饭-浅色,2,2
生草字幕组,snowdrop69,2,2
生草字幕组,耐力投资,2,2
生草字幕组,猫狗真好啊想退休,2,2
生草字幕组,浮云孙猪猪,2,2
生草字幕组,Aldonza阿尔东莎,2,2
生草字幕组,津城胖胖,2,2
生草字幕组,tereasa莎莎莎莎,2,2
生草字幕组,手可摘七颗星程女士,2,2
生草字幕组,转角遇到个牛,2,2
生草字幕组,Lumbago,2,2
生草字幕组,刀笔客_煮不在乎,2,1
生草字幕组,HING1988,2,2
生草字幕组,Su_悦,2,1
生草字幕组,颯颯利奧利,2,1
生草字幕组,瓦塔西蛙,2,1
生草字幕组,乔瑟夫耶格尔,2,1
生草字幕组,南寄者,2,1
生草字幕组,木加可,2,2
生草字幕组,lokiseraph努力让自己快乐,2,2
生草字幕组,ni的铁憨憨,2,2
生草字幕组,夕早小町,2,1
生草字幕组,littleAuel,2,2
生草字幕组,网瘾晚期老妪,2,1
生草字幕组,功利足球爱好者,2,2
生草字幕组,工业食糖,2,1
生草字幕组,贰號_懒癌末期,2,2
生草字幕组,鹿不羁的冰美式777,2,2
生草字幕组,没有名字我就用这个,2,2
生草字幕组,-有些故事開始就沒錯-,2,2
生草字幕组,喵叽叽19,2,2
生草字幕组,累了就这样把,2,2
生草字幕组,寤寐芊年,2,2
生草字幕组,Elvira佳叽,2,2
生草字幕组,写作KAUNTO读作伯爵,2,2
生草字幕组,AoNe拾一,2,2
生草字幕组,惟与桐,2,2
生草字幕组,小亦舒爱向日葵的舒,2,2
生草字幕组,网瘾少女柿子君,2,2
生草字幕组,Mario_小岛豆夫,2,2
生草字幕组,葱小V,2,2
生草字幕组,CUABU,2,2
生草字幕组,赵丹尼尔-Daniel,2,1
生草字幕组,懒舟横渡,2,2
生草字幕组,我们来笑笑,2,2
生草字幕组,桃子小汤圆儿,2,2
生草字幕组,JesseVII爱水水小棉袄,2,2
生草字幕组,九栖酱,2,1
生草字幕组,爱吃甜的老马,2,2
生草字幕组,我是绵了个羊,2,2
生草字幕组,矢神千雾,2,2
生草字幕组,任烟笑,2,1
生草字幕组,板鸭的春天,2,1
生草字幕组,zhanq2,2,2
生草字幕组,SNEAKY_husky,2,2
生草字幕组,装什么啊你_,2,2
生草字幕组,我就想叫旺仔不行咩,2,2
生草字幕组,飛焰焰焰,2,2
生草字幕组,上智虹色果曦,2,2
生草字幕组,唠叨小宝娘,2,1
生草字幕组,折風霧盡島,2,2
生草字幕组,卡卡伦言少,2,2
生草字幕组,雨宫木二,2,2
生草字幕组,谁说谁怕谁,2,2
生草字幕组,弥弥漫漫的猪,2,2
生草字幕组,破黑土而出的微微微,2,2
生草字幕组,通宵眠,2,1
生草字幕组,布洛克斯的世界,2,2
生草字幕组,AOAOsu,2,2
生草字幕组,_凡间俗梦_,2,1
生草字幕组,士多啤梨蜜桃橙-honey,2,2
生草字幕组,美女要平安健康幸福,2,1
生草字幕组,绮谜,2,1
生草字幕组,秘制盐姜葱花鱼,2,2
生草字幕组,来一份去冰超大杯鸭屎香柠檬茶,2,1
生草字幕组,喵丶叮,2,2
生草字幕组,星野Sally,2,1
生草字幕组,咕噜家的生滋喵,2,2
生草字幕组,兔兔cotton,2,1
生草字幕组,一颗秋生菜,2,2
生草字幕组,南茜茜,2,2
生草字幕组,黑貞德型戰艦水鬼長門改二,2,2
生草字幕组,兔悠_TuuuuuU,2,1
生草字幕组,逆羽流光_,2,2
生草字幕组,ItIsAnotherDay,2,2
生草字幕组,-十二点睡,2,2
生草字幕组,Troye-Sheeran,2,1
生草字幕组,春麗Sushiz,2,2
生草字幕组,1gnited,2,2
生草字幕组,KuriKuri嵐,2,2
生草字幕组,八条小号,2,2
生草字幕组,疯纸扭矩Enjoy,2,2
生草字幕组,牛市sky,2,2
生草字幕组,是奇卡啊_,2,2
生草字幕组,细条麻酱面,2,2
生草字幕组,七号橡皮鸭,2,2
生草字幕组,海盐焦糖兔吱,2,1
生草字幕组,嗑糖专业新生,2,1
生草字幕组,Y_安怂怂,2,2
生草字幕组,Skyissea_,2,1
生草字幕组,房子里的雅格里曼,2,2
生草字幕组,円都之僕,2,2
生草字幕组,夏雾凉,2,2
生草字幕组,暮鼓晨钟entropy,2,2
生草字幕组,路西法没有六翼,2,2
生草字幕组,想要免费的柒捌贰肆,2,1
生草字幕组,千溯7087,2,1
生草字幕组,掌心的小太阳LittleSun,2,2
生草字幕组,早早要开始健康作息,2,2
生草字幕组,玫玫玫瑰喲,2,1
生草字幕组,1Zzzzooo0,2,2
生草字幕组,Carey__yyyyy,2,2
生草字幕组,南北双双大魔王,2,1
生草字幕组,MilesX,2,2
生草字幕组,夏目梨,2,1
生草字幕组,果菜街的香菜文C丶,2,2
生草字幕组,飞鹰翔,2,2
生草字幕组,玫瑰园里的星星说蛋挞要趁热吃,2,1
生草字幕组,LittleHara,2,2
生草字幕组,贫穷扭丝佳一,2,2
生草字幕组,AnnieAnnieAnnie呵呵呵呵,2,2
生草字幕组,知慕少艾_,2,2
生草字幕组,mc要早睡呀,2,2
生草字幕组,成田yoyo,2,2
生草字幕组,逍遥COP,2,2
生草字幕组,Zodzod_张浩,2,2
生草字幕组,草莓奶云三分糖,2,2
生草字幕组,夢中lz星空眼淚,2,2
生草字幕组,飞鸟不停歌唱miremire,2,2
生草字幕组,HJK不换名字了,2,2
生草字幕组,金毛小狐狸摩多摩多,2,1
生草字幕组,Susssssssie,2,2
生草字幕组,蓝胖子爱侦探,2,2
生草字幕组,尹君小尹尹,2,2
生草字幕组,浪丫曰,2,2
生草字幕组,异端瞬想天,2,2
生草字幕组,安好想喝木樨酒酿,2,2
生草字幕组,alcd2013,2,2
生草字幕组,kellychn,2,1
生草字幕组,人偶凪,2,2
生草字幕组,中Nino病的T酱,2,2
生草字幕组,赛歌SAI,2,2
生草字幕组,橘子州头_Z,2,1
生草字幕组,南宫小琳子,2,2
生草字幕组,Lia_夏夏,2,2
生草字幕组,EEEighteeN,2,2
生草字幕组,梅子_Clover,2,2
生草字幕组,叶苍燃,2,2
生草字幕组,9300-,2,2
生草字幕组,墨漾myy,2,2
生草字幕组,Julietviva,2,2
生草字幕组,榴莲火锅潜水篮球,2,2
生草字幕组,糖-sugar-,2,2
生草字幕组,麻油妹子,2,2
生草字幕组,消逝的我-,2,2
生草字幕组,天天都是快乐的,2,2
生草字幕组,黑晓丶KUROAKIRA,2,2
生草字幕组,-开心Kaixin-,2,2
生草字幕组,包包大人--F,2,2
生草字幕组,镁基夜师傅,2,2
生草字幕组,BILLKIN_BSLX,2,2
生草字幕组,stefanie_pionites,2,2
生草字幕组,谁骂我我就骂回去哦,2,2
生草字幕组,蒋一朵小红发,2,2
生草字幕组,力口冰可尔必思,2,2
生草字幕组,Bonnie-少说话多看书,2,2
生草字幕组,我的龟_我来宠,2,1
生草字幕组,Lily_zzbb,2,1
生草字幕组,餅_勤奮練腹肌Xxx,2,2
生草字幕组,好一只蛋蛋,2,2
生草字幕组,爱洁洁的鲸鹿,2,2
生草字幕组,冰加汀西氟,2,1
生草字幕组,此刻_与你同在,2,2
生草字幕组,找_乜子,2,2
生草字幕组,-姜撞奶撞姜-,2,2
生草字幕组,哈喽小雪糕,2,2
生草字幕组,-呼神护卫0617-,2,1
生草字幕组,apple小萍果,2,2
生草字幕组,BOOMshakekala_刻,2,2
生草字幕组,黄桃脆骨酱,2,2
生草字幕组,噼里啪拉菇,2,2
生草字幕组,小鲔鱼朵朵儿,2,1
生草字幕组,芥末章鱼烧yxt,2,2
生草字幕组,渡边叶龙,2,2
生草字幕组,还是要吃蛋黄酱,2,2
生草字幕组,咚咚咚樱酱,2,2
生草字幕组,几禾不禾几,2,2
生草字幕组,闲云I,2,1
生草字幕组,小音梦lucky,2,2
生草字幕组,查理王子的C929星球,2,2
生草字幕组,-魔女茶会-,2,1
生草字幕组,为什么叫奈奈的人那么多,2,2
生草字幕组,最喜欢严峫啦,2,2
生草字幕组,小市woooooooooooooow,2,2
生草字幕组,打不死的饼爷,2,1
生草字幕组,怎么全被注册了我笑了,2,1
生草字幕组,性感张驰巴音布鲁克在线飙车,2,2
生草字幕组,Joshue_,2,2
生草字幕组,殊小沐,2,2
生草字幕组,snowyshow,2,2
生草字幕组,轩辕黛橼橼,2,2
生草字幕组,我用头喝茶,2,1
生草字幕组,橋橋妈树洞,2,2
生草字幕组,樱岛辉夜,2,1
生草字幕组,四合,2,1
生草字幕组,47软软哒,2,2
生草字幕组,呆熊熊Lovely,2,2
生草字幕组,Ariaaaa,2,2
生草字幕组,森罗行幕间,2,2
生草字幕组,异號机,2,2
生草字幕组,jemima5,2,2
生草字幕组,OMG-WTF,2,1
生草字幕组,只给苏见信花钱的鬼怪夫妇显眼包,2,2
生草字幕组,玩具熊喝鱼丸粥,2,2
生草字幕组,K掰菜,2,2
生草字幕组,小许清蒸,2,2
生草字幕组,不存在帳戶,2,2
生草字幕组,五月龙儿笨笨,2,2
生草字幕组,杨丢丢小姐,2,2
生草字幕组,我是富贵啊啊啊,2,2
生草字幕组,马上一百层,2,2
生草字幕组,三池暁,2,2
生草字幕组,他们都叫我王九,2,1
生草字幕组,锦绣飞墨,2,1
生草字幕组,宋耗耗復活終了1640,2,2
生草字幕组,杨花依旧,2,2
生草字幕组,春归宿,2,2
生草字幕组,落叶飘零_我家咩叫紫微,2,2
生草字幕组,Lemon不会很甜,2,1
生草字幕组,Emotiona丶嵐,2,2
生草字幕组,月亮花园,2,2
生草字幕组,老狼曰,2,2
生草字幕组,颦三凤雪,2,1
生草字幕组,悠_悠君,2,2
生草字幕组,M-Ash,2,1
生草字幕组,优家小花茶,2,2
生草字幕组,free绛爱吃泡芙,2,1
生草字幕组,天草_银狼,2,2
生草字幕组,鸢尾每天睡不醒,2,2
生草字幕组,炸了两次的炸鱼,2,2
生草字幕组,陌士,2,2
生草字幕组,我只是一棵树啊_,2,2
生草字幕组,CC_空欢喜,2,2
生草字幕组,倔强大花花,2,2
生草字幕组,现煮奶茶五选一,2,2
生草字幕组,森林里浮游的小堡,2,2
生草字幕组,o-随遇而安-o,2,2
生草字幕组,踏云的少年225,2,2
生草字幕组,游游游游_,2,2
生草字幕组,多多0716,2,1
生草字幕组,螺蛳粉大鸽QAQ,2,2
生草字幕组,乐优发大财呀,2,2
生草字幕组,重金悬赏漂亮小猫,2,2
生草字幕组,星星捉咩,2,1
生草字幕组,宇智波的幻影君,2,2
生草字幕组,梦想实现111554422,2,1
生草字幕组,养蒲公英的彩色鸽子,2,2
生草字幕组,夏蜩,2,2
生草字幕组,pinkmagic,2,1
生草字幕组,北斗七星绅攻豹,2,2
生草字幕组,DLS_MWZZ,2,2
生草字幕组,少年啊少年你像朵花,2,2
生草字幕组,ConnorKong,2,2
生草字幕组,柚柚yyyou_,2,1
生草字幕组,魔灯菲林X寻找无双,2,2
生草字幕组,岚枫_微尘三千,2,2
生草字幕组,松岛麻里铃,2,2
生草字幕组,名字别太长像我这样就可以了,2,2
生草字幕组,美丽寨贱鹅鹅鹅,2,2
生草字幕组,柠檬茶想吃冰,2,2
生草字幕组,sugarcane_雪,2,2
生草字幕组,发酵的优诺,2,2
生草字幕组,J-拓,2,2
生草字幕组,月小華,2,2
生草字幕组,奶味草莓褥,2,2
生草字幕组,小桃,2,2
生草字幕组,Rider-Ahnenerbe,2,2
生草字幕组,-布莱克在巫师评议会-,2,2
生草字幕组,-纸茶-,2,2
生草字幕组,离岛号,2,1
生草字幕组,霹咔啤_尊享版,2,2
生草字幕组,吊车出租5527,2,2
生草字幕组,隽雪-忙忙忙忙,2,2
生草字幕组,酿泉泉泉,2,2
生草字幕组,噗噗噗就腾飞deeer冰淇淋,2,2
生草字幕组,CocoIglesias,2,2
生草字幕组,夏木立,2,2
生草字幕组,贝勒王·,2,2
生草字幕组,唧唧复唧唧耳东,2,1
生草字幕组,明日城眠,2,2
生草字幕组,我眼中的世界是笑傲江湖,2,2
生草字幕组,玛丽de梦花园,2,2
生草字幕组,罐装不可回收·,2,2
生草字幕组,Super蛋挞旋风猫猫,2,1
生草字幕组,浅野奈奈子,2,2
生草字幕组,泽琼好运,2,1
生草字幕组,Be1iev3R_LY,2,2
生草字幕组,想静静_竹,2,2
生草字幕组,希夕Sisee,2,2
生草字幕组,福灵福灵剂,2,2
生草字幕组,一团白鹅蛋,2,2
生草字幕组,银色_死者苏生,2,2
生草字幕组,春野Resile,2,1
生草字幕组,爱写诗的宇航员,2,2
生草字幕组,小舞微微,2,1
生草字幕组,往屎只能回味,2,2
生草字幕组,ffu_633,2,1
生草字幕组,蘑菇菌蘑菇蘑菇,2,2
生草字幕组,困困困-3-,2,1
生草字幕组,yuriy_D_landy彰彰脑残粉,2,2
生草字幕组,待进化体,2,2
生草字幕组,布小小小小,2,2
生草字幕组,狂吃碳水不长胖,2,1
生草字幕组,販賣夢境嗎,2,2
生草字幕组,软糖稀奶油_,2,2
生草字幕组,独望Lee的似火年华,2,2
生草字幕组,月儿圆愿,2,2
生草字幕组,玉里留声lawyer_张云峰,2,2
生草字幕组,L柠檬小咩ing,2,2
生草字幕组,磕磕磕磕磕到糖了吗,2,1
生草字幕组,南离戊,2,2
生草字幕组,筱囡的潘多拉_Sandra,2,2
生草字幕组,zed_four,2,2
生草字幕组,别跟我抢荔枝这个昵称,2,2
生草字幕组,Mr-二点马,2,2
生草字幕组,扒儿叉会儿腰,2,2
生草字幕组,罗德斯岛主_大雄,2,2
生草字幕组,GoldenFJY,2,2
生草字幕组,Ameow阿喵阿米阿,2,2
生草字幕组,LSW随风,2,2
生草字幕组,tracy6652,2,1
生草字幕组,黄瓜牌莫也BAKUYA,2,2
生草字幕组,小狮狮biubiu,2,2
生草字幕组,轨道君德国影分身,2,2
生草字幕组,意琦行止由心,2,2
生草字幕组,D-囧兔,2,2
生草字幕组,ive贞焕元,2,1
生草字幕组,MChlorine,2,1
生草字幕组,阿拉小艾,2,2
生草字幕组,薤凝茉露_红鹞,2,2
生草字幕组,一jio把形式主义踢出地球,2,1
生草字幕组,白鸟我的白鸟_,2,2
生草字幕组,不吃香菜krystal,2,2
生草字幕组,乱象卷卷永远自由,2,2
生草字幕组,希望每天都大便,2,2
生草字幕组,ENSOUL-洛一,2,2
生草字幕组,兰缘小栈,2,1
生草字幕组,Petrovsky,2,2
生草字幕组,欧小逆,2,2
生草字幕组,如月铃_進化理論,2,2
生草字幕组,白蓼,2,2
生草字幕组,酥鱼丸粗面,2,2
生草字幕组,沐沐町,2,1
生草字幕组,鱼燊有有,2,2
生草字幕组,Susanijordan,2,2
生草字幕组,后现代孔乙己,2,1
生草字幕组,烤肉君KoRu,2,1
生草字幕组,亚历山大在基层,2,2
生草字幕组,_临一,2,2
生草字幕组,狗蛋_clamp坑里爬不出来,2,2
生草字幕组,闲云野鹤中_,2,2
生草字幕组,CD-playfish,2,2
生草字幕组,榨橙汁的oj,2,2
生草字幕组,_Aurelia_aurita_,2,2
生草字幕组,小花种在蓝田里,2,1
生草字幕组,小楼夜雨Z,2,2
生草字幕组,mismatch时间永远不够用,2,2
生草字幕组,心如止水云飞扬,2,2
生草字幕组,红烧鱼cry,2,2
生草字幕组,鴇田奏海,2,2
生草字幕组,orry_lee,2,2
生草字幕组,大朵朵朵朵朵儿,2,2
生草字幕组,huAngz1xuAn__,2,2
生草字幕组,大概是天然黑,2,2
生草字幕组,露琪诺6号,2,2
生草字幕组,骏骏骏骏哇,2,2
生草字幕组,坤斯基不困,2,2
生草字幕组,嗬那你很棒哦,2,2
生草字幕组,流萤昭明,2,2
生草字幕组,我爱看书男,2,2
生草字幕组,我缩干嘛额0x0,2,2
生草字幕组,-風真雨-,2,2
生草字幕组,涂涂患了彼得潘综合症,2,2
生草字幕组,嘉兴卢丽飞,2,2
生草字幕组,椰果贩卖铺,2,2
生草字幕组,Paris-1993,2,2
生草字幕组,雨林的夏梦,2,1
生草字幕组,Winky_淼吉,2,2
生草字幕组,kero趣多多,2,2
生草字幕组,祎笑大方-kiku,2,2
生草字幕组,TINTIN_Ney,2,1
生草字幕组,夏芝幻,2,2
生草字幕组,xlwsln,2,1
生草字幕组,清水意如何,2,2
生草字幕组,抬头看我我是蓝天,2,2
生草字幕组,沐雨格子,2,2
生草字幕组,特种部队猫猫,2,2
生草字幕组,real_WinnieYK,2,2
生草字幕组,边缘的空酱,2,2
生草字幕组,RivaYen小颜,2,2
生草字幕组,飞往巴黎的末班机,2,2
生草字幕组,素泊格子,2,1
生草字幕组,八十万中二教头老羊,2,2
生草字幕组,达斯么么,2,2
生草字幕组,还是得少吃糖,2,1
生草字幕组,ILostMyHeart,2,2
生草字幕组,一条小面,2,2
生草字幕组,生化电子假人,2,2
生草字幕组,愉苦借贷,2,1
生草字幕组,香蕉你个班娜娜,2,1
生草字幕组,苏猪酱并不是五彩斑斓椒,2,2
生草字幕组,白天是潇洒晚上黑大帅,2,2
生草字幕组,火巳,2,2
生草字幕组,双子小佩,2,2
生草字幕组,WBbGTOP-小六,2,2
生草字幕组,ulee777,2,2
生草字幕组,云初-专注自逆西皮三百年,2,2
生草字幕组,_空w,2,2
生草字幕组,姚惟夏,2,2
生草字幕组,Syun_Cyo,2,2
生草字幕组,雪也_yukinoyukiya,2,2
生草字幕组,龙猫丸子吃不吃,2,2
生草字幕组,喻小喵的小肚腩,2,2
生草字幕组,TC910,2,2
生草字幕组,鱼丸resetting,2,2
生草字幕组,gonex,2,2
生草字幕组,无心简影,2,2
生草字幕组,龙之天诛Fight哒哟,2,2
生草字幕组,吃饱睡好不要烦恼,2,2
生草字幕组,喵了个咩咩轰,2,1
生草字幕组,YO子-Ziyo,2,2
生草字幕组,候鸟的天空1314,2,2
生草字幕组,Merry羊,2,1
生草字幕组,Illibon,2,2
生草字幕组,Sherry雪莉雪莉,2,2
生草字幕组,何阿当,2,2
生草字幕组,-且作飘零泥上絮-,2,1
生草字幕组,天极焉加_褚大仙,2,2
生草字幕组,·君莫笑里藏刀,2,2
生草字幕组,抑郁小清腥,2,2
生草字幕组,小达家的猫哥哥,2,2
生草字幕组,魚丸果HQ,2,2
生草字幕组,凯凯家的卷卷,2,2
生草字幕组,来一碗糖粥,2,2
生草字幕组,lawtonxxxxx,2,2
生草字幕组,炒猪皮要加点辣,2,1
生草字幕组,红烧豆腐蟹,2,1
生草字幕组,Stay_4u,2,2
生草字幕组,元牧浮笛,2,1
生草字幕组,Mean_Weird,2,2
生草字幕组,雪后春信,2,1
生草字幕组,爱吃炒豆子,2,1
生草字幕组,虞亦乘舟归鹿门,2,2
生草字幕组,寿寿爱鳗鱼,2,1
生草字幕组,寶山滴那過童姥姐,2,2
生草字幕组,小栗咸,2,2
生草字幕组,firello,2,2
生草字幕组,Hiroshi_N,2,1
生草字幕组,今天我就吃了你,2,2
生草字幕组,花开素色687,2,1
生草字幕组,白色破坏光线,2,2
生草字幕组,雪落无痕xin,2,2
生草字幕组,朽木同学提不起劲,2,2
生草字幕组,AC一派胡言侯东渐,2,2
生草字幕组,亲小怡,2,2
生草字幕组,堡垒说得对,2,2
生草字幕组,-颗子-,2,2
生草字幕组,俄罗斯方圆,2,2
生草字幕组,RaitoShimizu,2,2
生草字幕组,栗理疗仪,2,1
生草字幕组,仿生蘑菇也曾进入厨房汤锅,2,2
生草字幕组,负离子烫发器,2,2
生草字幕组,朗朗乾坤不要多言,2,1
生草字幕组,黑猫警长_Felicia,2,2
生草字幕组,58past22,2,2
生草字幕组,香草奶油椰子蛋糕,2,1
生草字幕组,即使我的韵脚从en到ai最后变a,2,1
生草字幕组,WinPolice,2,2
生草字幕组,脆西周周,2,2
生草字幕组,一位不愿意透露姓氏的王小姐,2,1
生草字幕组,·有志不在年糕,2,2
生草字幕组,活泼可爱小六六,2,2
生草字幕组,我哥就要好运来和发大财,2,2
生草字幕组,CB-MinONo,2,2
生草字幕组,巫卡wuka,2,2
生草字幕组,只是放个屁,2,2
生草字幕组,清語酱,2,2
生草字幕组,烟荷荷_只为拚却山巅,2,2
生草字幕组,EMMA_MA_,2,2
生草字幕组,原是这么简单,2,1
生草字幕组,行走世間歌莉婭,2,2
生草字幕组,卫少主是谁,2,1
生草字幕组,Charming_鹅,2,2
生草字幕组,新生代农民工h,2,2
一柱擎天向太阳_天涯,伪价值投资90,2,1
三思逍遥,卉卉女王,2,2
三思逍遥,陈囧_Hayward,2,2
三思逍遥,三思逍遥,2,2
三思逍遥,飞蠓,2,2
三策行者,有方居士2017,2,2
努力过上不用努力想干嘛干嘛的生,马宝琳谈房颤,1,2
至真斋主,地瓜熊老六,2,2
无锡小虫,阿司匹林42195米,2,2
卡维先生,林步里,1,2
中医范圣华,中医范圣华,2,2
中医范圣华,我们不要当咸鱼,2,1
中国新闻网,天使神天天哒叔叔,3,2
中国新闻网,陕西龙V587,3,2
中国新闻网,J丹妮,3,2
中国新闻网,蜜桃-莹莹,3,2
中国新闻网,阳谷县疾病预防控制中心,3,3
中国新闻网,小珊恋玺记,3,2
中国新闻网,Glory068,3,1
中国新闻网,樱花突击队,3,2
中国新闻网,豌豆小菜,3,1
中国新闻网,黄归去来,3,2
中国新闻网,香港自由行加加,3,2
中国新闻网,张瀞予鱼儿,3,2
中国新闻网,诺宝儿洋,3,2
中国新闻网,雨晴_天空,3,2
中国新闻网,燃烧吧小宇宙rocsee,3,1
中国新闻网,even5仔,3,2
中国新闻网,superEleanor2,3,1
中国新闻网,RealMadrid,3,2
中国新闻网,咕往金来,3,2
中国新闻网,济南教育电视台,3,2
中国新闻网,传说中的小白_,3,2
中国新闻网,晶帝V,3,2
中国新闻网,A大的遊戲晉級了,3,2
中国新闻网,这里是阆中,3,2
中国新闻网,大强聊娱乐,3,2
中国日报网,素影翩翩,3,2
中国日报网,一只米色的鹤,3,1
中国日报网,小小阮想吃成大大阮,3,2
中国日报网,喜乐的甘露,3,1
中国日报网,阿荣旗复兴镇,3,3
中国日报网,做paipai床头的小熊,3,2
中国日报网,陈正评论,3,2
中国日报网,shy160_,3,2
中国日报网,用户6160880674,3,1
中国日报网,婷姐逐光而行,3,2
中国日报网,DSDFS62211,3,1
中国日报网,用户7747626906,3,1
中国日报网,耕云种月01,3,1
中国日报网,天意_200209,3,1
中国日报网,慕烟阡眠,3,1
中国日报网,啊啊啊-凯爱人,3,2
中国日报网,用户7448127833,3,1
中国日报网,王红梅爱喝果粒橙,3,1
中国日报网,背包荇者,3,2
中国日报网,Even_if_不倒翁,3,2
中国日报网,Mr_玟勇,3,2
中国日报网,榴莲椰子水果干,3,2
中国日报网,A莉哥不是哥,3,2
中国日报网,京菁-312-048-01,3,2
中国日报网,电量不足23充电,3,2
中国日报网,Alive-zw,3,2
中国日报网,理歌-situoweilai,3,1
中国日报网,蔡久荣,3,2
中国日报网,闪光的可乐,3,1
中国日报网,夏凉未夏央,3,2
中国日报网,用户7464647646,3,1
中国日报网,晴天娃娃的瞎想空间,3,2
中国日报网,刑部第十八线区域编外郎,3,1
中国日报网,真实地自己,3,2
中国日报网,大叔-安,3,1
中国日报网,修勾说2023好运来,3,2
中国日报网,荒野长訡,3,2
中国日报网,用户6879394415,3,1
中国日报网,拧巴的金牛座,3,2
中国日报网,都市丽人46688,3,1
中国日报网,无耻混蛋20,3,1
中国日报网,zdd逗逗妈,3,1
中国日报网,安然-无羔,3,1
中国日报网,飓风老阮,3,2
中国日报网,Joy95tx,3,1
中国日报网,青青园LIYUAN,3,2
中国日报网,愉可欣,3,1
中国日报网,AF5JW2,3,1
中国日报网,群众杂志社,3,3
中国日报网,静儿宝贝2012,3,2
中国日报网,烛御凌,3,1
中国日报网,文道生aa,3,2
中国日报网,小野人小林子521,3,1
中国日报网,用户6114985135,3,1
中国日报网,Rickey純,3,2
中国日报网,封闭货车副驾驶Melody,3,2
中国日报网,平梵古月,3,1
中国日报网,请不要跟别人在一起,3,1
中国日报网,五人行必有一单身,3,2
中国日报网,疲惫的风筝2006,3,1
中国日报网,湘里妹子-,3,2
中国日报网,珏倩,3,2
中国日报网,用户6462490172,3,1
中国日报网,睡57907,3,1
中国日报网,丶正瑛__,3,2
中国网新闻中心,张家界政法,3,3
中国网新闻中心,家里LD,3,1
云南政法,昆明西山政法,3,3
云南政法,会泽政法,3,3
云南政法,丽江政法,3,3
云南政法,安宁政法,3,3
云南政法,昆明市委政法委,3,3
云南政法,楚雄州政法,3,3
云南政法,昆明市中级人民法院,3,3
云南政法,普洱政法,3,3
云南政法,元谋政法,3,3
云南政法,平安曲靖,3,3
云南政法,临沧政法,3,3
云南政法,红河政法,3,3
云南政法,弥渡政法,3,3
云南政法,玉溪政法,3,3
云南政法,沾益政法委,3,3
云南政法,西双版纳政法,3,3
云南政法,大理政法,3,3
会泽政法,平安曲靖,3,3
平安曲靖,沾益政法委,3,3
内蒙古日报,活力乌兰察布,3,3
内蒙古日报,北方新报,3,3
内蒙古日报,内蒙古禁毒,3,3
内蒙古日报,海拉尔区人民法院,3,3
内蒙古日报,腾讯内蒙古,3,2
内蒙古日报,·果酿奶琳糕·,3,2
内蒙古长安网,牙克石市政法委,3,3
凤凰卫视美洲台,集花堂堂主,3,2
凤凰卫视美洲台,宋体金,3,2
凤凰卫视美洲台,perfectends,3,2
集花堂堂主,阿司匹林42195米,2,2
凤凰网视频,已经是活着的传奇了,3,2
凤凰网视频,_下一秒的雨-,3,2
凤凰网视频,Young丨,3,2
凤凰网视频,Que_Sera_Sera_Sera,3,2
凤凰网视频,UP西瓜UP,3,2
凤凰网视频,大门门门儿,3,2
凤凰网视频,龚酥肉,3,1
阿司匹林42195米,卢健生,2,2
阿司匹林42195米,常常的花园,2,2
阿司匹林42195米,胡化立,2,2
阿司匹林42195米,PKUGerald,2,2
阿司匹林42195米,Foxhoo蜗牛君,2,1
阿司匹林42195米,往生堂半价券,2,2
阿司匹林42195米,-小铃铛叮叮当-,2,1
阿司匹林42195米,吃碗望盆传统手艺人,2,2
阿司匹林42195米,庄哈佛,2,2
阿司匹林42195米,BL-MPS3,2,2
阿司匹林42195米,小米锅巴5588,2,1
阿司匹林42195米,想好的名字打不上去,2,2
阿司匹林42195米,藏羚羊,2,2
阿司匹林42195米,吉祥8643,2,2
阿司匹林42195米,pyramid__________,2,2
阿司匹林42195米,喃东尼,2,2
阿司匹林42195米,寒舞C,2,2
阿司匹林42195米,seanguo93,2,2
阿司匹林42195米,不听欧美音乐会死星人的宋儿,2,2
阿司匹林42195米,白白Colello,2,2
阿司匹林42195米,宋耗耗復活終了1640,2,2
阿司匹林42195米,crilly,2,2
阿司匹林42195米,奇幻魔法melogy,2,2
阿司匹林42195米,顺顺虎宝,2,2
阿司匹林42195米,海淀老特2018,2,2
阿司匹林42195米,蛋挞先生玩起瀞瑬小crazy,2,1
阿司匹林42195米,米兰陵少,2,2
阿司匹林42195米,鸟林中的一只猫,2,1
阿司匹林42195米,前尘不想想钗裙,2,2
阿司匹林42195米,边走边唱97,2,1
阿司匹林42195米,我是2小姐,2,2
阿司匹林42195米,博主轉混Instagram了,2,2
阿司匹林42195米,厦门叶锋,2,2
阿司匹林42195米,鸡蛋培根芝麻汉堡,2,2
阿司匹林42195米,招财猫Sasa,2,2
阿司匹林42195米,Loran_落下,2,2
阿司匹林42195米,BabySchumi,2,2
阿司匹林42195米,楚风沪雨,2,2
阿司匹林42195米,卤煮疫苗,2,2
阿司匹林42195米,烧瓶斯基Flasky,2,2
阿司匹林42195米,BerlinTrilogy,2,2
阿司匹林42195米,明天早点睡觉好么,2,2
阿司匹林42195米,哈雷天文,2,2
阿司匹林42195米,我是我头像NC粉,2,2
阿司匹林42195米,端_megusta,2,2
阿司匹林42195米,子鱼2024,2,2
阿司匹林42195米,Gail_J暖暖的,2,2
阿司匹林42195米,派达mo,2,2
阿司匹林42195米,卷_卷_儿,2,2
阿司匹林42195米,Crystal_咲笑,2,2
阿司匹林42195米,小龙人头上的犄角呢,2,2
阿司匹林42195米,明婧止水,2,2
阿司匹林42195米,郭俐雪只是一个网名,2,2
阿司匹林42195米,金发锁链男厨,2,2
阿司匹林42195米,海儿大爷,2,2
阿司匹林42195米,富贵闲散小神仙,2,1
阿司匹林42195米,我有明珠两颗2,2,2
阿司匹林42195米,zhujiang15,2,2
阿司匹林42195米,陶侃疫苗,2,2
阿司匹林42195米,pergola_di_fatto,2,1
阿司匹林42195米,水木丁,2,2
阿司匹林42195米,朱da胖,2,2
阿司匹林42195米,初三之月S,2,2
阿司匹林42195米,神国漫游,2,1
阿司匹林42195米,余梁是我名字,2,2
阿司匹林42195米,浅草寺宝籤,2,1
阿司匹林42195米,皮肤科刘依森,2,2
阿司匹林42195米,古手理佳,2,1
阿司匹林42195米,如坐舟中,2,2
阿司匹林42195米,爱爬树的zeta,2,2
阿司匹林42195米,和你在一起的日子都很耀眼,2,2
阿司匹林42195米,水瓶Lee小姐,2,2
阿司匹林42195米,梓梁--可可粉,2,2
阿司匹林42195米,怪咖难将就,2,2
阿司匹林42195米,ming-bamboo,2,2
阿司匹林42195米,Caihong啊Caihong,2,2
阿司匹林42195米,大头尸胎,2,2
阿司匹林42195米,请喊我去学CPA,2,2
阿司匹林42195米,荒野之息史瑞克,2,2
阿司匹林42195米,乌鲁班,2,1
阿司匹林42195米,若木若愚,2,2
阿司匹林42195米,冯二浩,2,2
阿司匹林42195米,吸血鬼密西卡,2,2
阿司匹林42195米,爆爆爆-慕影,2,2
阿司匹林42195米,西森S,2,2
阿司匹林42195米,再买一条小裙子,2,1
阿司匹林42195米,米开朗基罗1988,2,2
阿司匹林42195米,我直接一个托马斯努力x,2,1
阿司匹林42195米,白海電颱,2,1
阿司匹林42195米,牛油果硬糖,2,1
阿司匹林42195米,她曾是玫瑰,2,1
阿司匹林42195米,Dr_S_Liu,2,2
阿司匹林42195米,司大勇,2,2
阿司匹林42195米,波波下的蛋,2,1
阿司匹林42195米,玄武湖芒格,2,2
阿司匹林42195米,不会写代码的Sheobin同学,2,2
阿司匹林42195米,一玶海岸,2,2
阿司匹林42195米,田雨-印瑛汇,2,2
阿司匹林42195米,七分年少,2,2
阿司匹林42195米,未解之谜石头记,2,2
阿司匹林42195米,大猪蹄子真白,2,2
阿司匹林42195米,旗帜飞扬爱生活,2,2
阿司匹林42195米,紺色方糖,2,2
阿司匹林42195米,零晨雾,2,2
阿司匹林42195米,Ponyyoung,2,2
阿司匹林42195米,木易王京,2,2
阿司匹林42195米,把握今天-走向未来,2,1
阿司匹林42195米,布川丘酷_FSN,2,2
阿司匹林42195米,AMIGO_LI,2,2
阿司匹林42195米,蚁工厂,2,2
阿司匹林42195米,咕噜千鹤子,2,2
阿司匹林42195米,普罗弥修,2,2
阿司匹林42195米,Sssaturday-,2,2
阿司匹林42195米,paigu6666,2,1
阿司匹林42195米,东门北,2,1
阿司匹林42195米,静静的麦壳er,2,2
阿司匹林42195米,阿司匹林42195米,2,2
阿司匹林42195米,十神汤集仙丹,2,2
阿司匹林42195米,温柔一刀ss,2,2
阿司匹林42195米,生鱼忧患而咸鱼安乐,2,2
阿司匹林42195米,Honey你说啥788,2,1
阿司匹林42195米,让我轻轻抱起它,2,2
阿司匹林42195米,贤狼隐月,2,2
阿司匹林42195米,CitizenFa,2,2
阿司匹林42195米,爱和平的HelloVicky,2,1
阿司匹林42195米,子固飞鱼,2,2
阿司匹林42195米,思念89730,2,1
阿司匹林42195米,陈粒卡,2,2
阿司匹林42195米,HI_鬱鬱,2,1
阿司匹林42195米,IHitsQ,2,2
阿司匹林42195米,D12_ZaSe,2,1
阿司匹林42195米,疯的一比,2,1
阿司匹林42195米,谁教我吹长笛,2,1
阿司匹林42195米,盐渍红木撒红豆,2,1
阿司匹林42195米,孟枭jtballack,2,2
阿司匹林42195米,Training24,2,2
阿司匹林42195米,来去之间,2,2
阿司匹林42195米,微彰琦谈,2,2
阿司匹林42195米,幽月清风,2,2
阿司匹林42195米,harps,2,2
阿司匹林42195米,尤文_Nedved星,2,2
阿司匹林42195米,丽果夏洛,2,2
阿司匹林42195米,贝壳螺旋,2,2
阿司匹林42195米,维杜罗,2,2
阿司匹林42195米,餐风饮露没有钱,2,2
阿司匹林42195米,黄凡,2,2
阿司匹林42195米,yea163,2,1
阿司匹林42195米,武志红,2,2
阿司匹林42195米,月亮有点元o,2,2
阿司匹林42195米,丁叮小花,2,2
阿司匹林42195米,蔷薇和芦苇,2,1
阿司匹林42195米,汪汪汪啊啊汪汪汪,2,2
阿司匹林42195米,改不了昵称9,2,2
阿司匹林42195米,月上猫猫头,2,2
阿司匹林42195米,水中花61786,2,1
阿司匹林42195米,起名字很烦,2,2
阿司匹林42195米,周内爬楼梯为了周末去爬山呀,2,2
阿司匹林42195米,N次的N次方,2,2
阿司匹林42195米,绝赞跑路中,2,1
阿司匹林42195米,R_etake,2,2
阿司匹林42195米,LLKahn,2,2
阿司匹林42195米,局局新之东源,2,1
阿司匹林42195米,易学爱好者之书呆子,2,1
阿司匹林42195米,猪仔淇baby,2,2
阿司匹林42195米,道阻且盲,2,2
阿司匹林42195米,咸鱼哥家的怒那,2,2
阿司匹林42195米,alazycat99,2,2
阿司匹林42195米,_啊D_,2,2
阿司匹林42195米,一蟹不如一蟹,2,2
阿司匹林42195米,林常扬,2,2
阿司匹林42195米,昀杉lucky,2,1
阿司匹林42195米,核都社畜,2,2
阿司匹林42195米,公爵舞衣,2,2
阿司匹林42195米,破晓之圆,2,2
阿司匹林42195米,5蔡小然,2,2
阿司匹林42195米,杨二爷-BOSS我是小秘,2,2
阿司匹林42195米,neowong,2,2
阿司匹林42195米,非文ye,2,2
阿司匹林42195米,_辛裡,2,2
阿司匹林42195米,黄老湿_求RP,2,2
阿司匹林42195米,夹心桃仁,2,2
阿司匹林42195米,theyellowbanana,2,1
阿司匹林42195米,彿嵐,2,2
阿司匹林42195米,用户7742036652,2,1
阿司匹林42195米,Crystal5227,2,2
阿司匹林42195米,紫台客,2,2
阿司匹林42195米,斯坦福峤,2,2
阿司匹林42195米,始于2015年07月07日,2,2
阿司匹林42195米,郭檬柠,2,2
阿司匹林42195米,夏天爱好者戴小孜儿,2,2
阿司匹林42195米,Houko_Jenny,2,2
阿司匹林42195米,吤仔th脌sang,2,1
阿司匹林42195米,嘻嚒哈,2,2
阿司匹林42195米,茫茫于蜉蝣-,2,2
阿司匹林42195米,OdetteOne,2,1
阿司匹林42195米,Bailey_Www,2,2
阿司匹林42195米,外向的孤独患者卖客耳,2,2
阿司匹林42195米,辛巴爸_,2,1
阿司匹林42195米,喵喵屋810,2,1
阿司匹林42195米,夏攻狮,2,2
阿司匹林42195米,R_然然_R,2,2
阿司匹林42195米,山东临清狮子猫猫,2,2
阿司匹林42195米,蓓蓓的记录,2,2
阿司匹林42195米,觅食先生,2,2
阿司匹林42195米,HQC5218868,2,1
阿司匹林42195米,NgaiKeibo,2,2
阿司匹林42195米,卍洳涞卍,2,1
阿司匹林42195米,猫薄荷在哪里,2,2
阿司匹林42195米,我不是谦哥儿,2,2
阿司匹林42195米,消瘦的脂肪,2,2
阿司匹林42195米,古鸟的时代,2,2
阿司匹林42195米,关雅荻,2,2
阿司匹林42195米,丁丁在蕗仩,2,2
阿司匹林42195米,想喝冰镇椰汁的叶小开,2,2
阿司匹林42195米,糖心可可甜澄酱,2,2
阿司匹林42195米,绿杨晓晓寒,2,2
阿司匹林42195米,童心小宝贝,2,2
阿司匹林42195米,猫的小马甲,2,1
阿司匹林42195米,三无二有,2,1
阿司匹林42195米,屋顶的轻骑兵,2,1
阿司匹林42195米,吖Yannnn,2,2
阿司匹林42195米,花生会武术谁也挡不住巴扎嘿,2,2
阿司匹林42195米,傻呼呼噜,2,1
阿司匹林42195米,孑然独行_G,2,2
阿司匹林42195米,BreezeVivian,2,2
阿司匹林42195米,猹局,2,1
阿司匹林42195米,TheWanderlust,2,1
阿司匹林42195米,大灬蓮,2,2
阿司匹林42195米,iMesos,2,2
阿司匹林42195米,raphael_nice,2,2
阿司匹林42195米,33夏末33,2,1
阿司匹林42195米,花火_HANAHANA,2,2
阿司匹林42195米,Prozac-x,2,2
阿司匹林42195米,永新县芦溪乡南埠村王喜英刘茂林,2,1
阿司匹林42195米,Tomoya_風,2,2
阿司匹林42195米,毛勒个线,2,2
阿司匹林42195米,潘华影,2,2
阿司匹林42195米,小万摸鱼日记,2,2
阿司匹林42195米,天城一彩他哥,2,1
阿司匹林42195米,-老实人老实-,2,2
阿司匹林42195米,李家的小白,2,2
阿司匹林42195米,苏八兔,2,1
阿司匹林42195米,都市怪诞录,2,2
阿司匹林42195米,老靳,2,2
阿司匹林42195米,丁声基,2,2
阿司匹林42195米,Rookie-L,2,2
阿司匹林42195米,Nanfy_Jane,2,1
阿司匹林42195米,上理王聪聪,2,1
阿司匹林42195米,红黑色的兔斯基仙森,2,2
阿司匹林42195米,文满囤儿,2,2
阿司匹林42195米,老鱼的微博,2,2
阿司匹林42195米,朱厌-吞佛竹子,2,2
阿司匹林42195米,平心而论SPACE,2,1
阿司匹林42195米,人类再也不能阻止大力长胖了,2,2
阿司匹林42195米,FlyingKiss_飞飞,2,2
阿司匹林42195米,美美_camry,2,2
阿司匹林42195米,雷恩W,2,2
阿司匹林42195米,随三丰,2,2
阿司匹林42195米,Lange_Vorher,2,2
阿司匹林42195米,费尔法克斯小姐,2,1
阿司匹林42195米,Bc聪的月与繁星,2,2
阿司匹林42195米,郝大卫卫卫aaa,2,1
阿司匹林42195米,小黑猫白裤衩,2,1
阿司匹林42195米,洗心島_,2,2
阿司匹林42195米,渋鷉亗,2,2
阿司匹林42195米,光头怪博士,2,2
阿司匹林42195米,saroro,2,2
阿司匹林42195米,去了再回-HQR,2,2
阿司匹林42195米,春的花瓣,2,1
阿司匹林42195米,imwx19,2,1
阿司匹林42195米,我就是又高又大又胖,2,2
阿司匹林42195米,摩摩诺斯,2,2
阿司匹林42195米,雨宮喃_貯金ver,2,2
阿司匹林42195米,等灯等灯,2,2
阿司匹林42195米,小女超人瞌睡来了,2,2
阿司匹林42195米,黑胖管道工,2,2
阿司匹林42195米,茼蒿会,2,2
阿司匹林42195米,阿君给爹攒退休钱,2,2
阿司匹林42195米,Fiona_Yee2012,2,2
阿司匹林42195米,modoo,2,2
阿司匹林42195米,可天君,2,2
阿司匹林42195米,柯瑞克Kric,2,2
阿司匹林42195米,稚可菽,2,2
阿司匹林42195米,海岛猫鼬_,2,2
阿司匹林42195米,小透明ssu,2,2
阿司匹林42195米,iWod-rendy,2,2
阿司匹林42195米,陳彦cy,2,2
阿司匹林42195米,RealEyesS,2,2
阿司匹林42195米,云在风巅2011,2,1
阿司匹林42195米,classAB-chemistry,2,2
阿司匹林42195米,marcelproust,2,2
阿司匹林42195米,自默数日,2,2
阿司匹林42195米,胖兰达,2,2
阿司匹林42195米,Heartrace,2,1
阿司匹林42195米,丽花要积聚好多好多正能量,2,2
阿司匹林42195米,贡多拉船夫sky,2,2
阿司匹林42195米,o-ops莲花不红天理难容,2,2
阿司匹林42195米,游成海_没有嘴的吃豆人,2,2
阿司匹林42195米,19960902TJU,2,2
阿司匹林42195米,王屁狗v,2,2
阿司匹林42195米,僧哥脱个p的团,2,2
阿司匹林42195米,Meow_橙子猫鼬,2,2
阿司匹林42195米,An_old_Ivory,2,2
阿司匹林42195米,冷冷的天平,2,2
阿司匹林42195米,静小此,2,2
阿司匹林42195米,香油蒜泥无骨鸭掌,2,1
阿司匹林42195米,无痕阅盘,2,2
阿司匹林42195米,骏城俊哥,2,2
阿司匹林42195米,腹肌与肚腩只有两字之差,2,1
阿司匹林42195米,七楼的茱茱,2,2
阿司匹林42195米,淡水池塘,2,1
阿司匹林42195米,水饺想变成冬菜包,2,1
阿司匹林42195米,Salvatore,2,2
阿司匹林42195米,Kazu_Jun,2,1
阿司匹林42195米,SupremeMac,2,2
阿司匹林42195米,大项的天,2,2
阿司匹林42195米,莲星1995,2,1
阿司匹林42195米,Paradise·CY·,2,2
阿司匹林42195米,英定文,2,2
阿司匹林42195米,乖乖的开心的猪,2,1
阿司匹林42195米,青春不死的少年_,2,2
阿司匹林42195米,我不是大西西,2,2
阿司匹林42195米,湿太腿摔了在养伤动不了_kin,2,2
阿司匹林42195米,aiyouyouzhang,2,1
阿司匹林42195米,子曰伯图,2,1
阿司匹林42195米,Putahmcm,2,2
阿司匹林42195米,Zoe娅锟,2,2
阿司匹林42195米,YiBaoAC,2,2
阿司匹林42195米,hktraveller,2,2
阿司匹林42195米,老兵观市,2,2
阿司匹林42195米,二口啊就是二口啊,2,2
阿司匹林42195米,tutuandariel,2,1
阿司匹林42195米,用户347839402,2,1
阿司匹林42195米,蜘蛛猴面包,2,2
阿司匹林42195米,IdEaList-NL,2,2
阿司匹林42195米,大菜瓜子_,2,2
阿司匹林42195米,Canyenotdydy,2,2
阿司匹林42195米,孤独小懒熊oxo,2,2
阿司匹林42195米,王富贵一博,2,1
阿司匹林42195米,Kwofly,2,2
阿司匹林42195米,麻辣小小兵,2,1
阿司匹林42195米,Mark又换工作了,2,2
阿司匹林42195米,阿蒙惹,2,2
阿司匹林42195米,蛋鹅鹅,2,1
阿司匹林42195米,寻找桃花岛,2,2
阿司匹林42195米,qiqi地麻麻,2,2
阿司匹林42195米,从竹到本7,2,1
阿司匹林42195米,晴空Taney,2,2
阿司匹林42195米,Arneywang,2,2
阿司匹林42195米,歌川瞥-,2,2
阿司匹林42195米,北斗_玉衡,2,2
阿司匹林42195米,辣味乐似许片,2,1
阿司匹林42195米,Hitomiss_,2,2
阿司匹林42195米,扁担长板凳宽0-0,2,2
阿司匹林42195米,泉水中的硬币,2,2
阿司匹林42195米,安丶__,2,2
阿司匹林42195米,tra----velfree,2,2
阿司匹林42195米,A胖丁,2,2
阿司匹林42195米,谢菲-sophia,2,2
阿司匹林42195米,CelCel_,2,2
阿司匹林42195米,牙医沈嵩,2,2
北京鲁戈,北京鲁戈,2,2
北京鲁戈,偶然V博,2,2
十堰交警,-平安-武当交警,3,3
卢健生,丁声基,2,2
卢健生,NIUBNIU007,2,2
卢健生,hktraveller,2,2
启贺,拆穹净-闻风而动,2,1
启贺,启贺,2,2
周至法院,牡丹江阳明区法院,3,3
周至法院,秦岭北麓检察,3,3
秦岭北麓检察,开阳县检察院,3,3
秦岭北麓检察,陕西检察,3,3
咸阳日报,渭城区融媒体中心,3,3
咸阳日报,用户7546006190,3,1
嘉善老顾,嘉善老顾,2,2
嘉善老顾,三井茶浓,2,2
嘉善老顾,烟雨楼百年孤独,2,2
烟雨楼百年孤独,张国庆看天下,2,2
烟雨楼百年孤独,liusong的美丽家园,2,2
烟雨楼百年孤独,马宝琳谈房颤,2,2
四川交警,南部县交警大队,3,3
四川交警,安州交警,3,3
四川交警,恩阳110,3,3
四川魏静,SIFIC马车,2,2
四川魏静,四川魏静,2,2
国是直通车,摸金校尉暴躁版,3,2
国是直通车,利弗2024,3,1
国是直通车,海森堡的兔,3,1
国是直通车,秦哥观天下,3,2
国是直通车,小菲她三姐,3,2
国是直通车,人云亦耘张春耘,3,2
国是直通车,空人空心空世界了,3,1
国是直通车,茹茹真的好困,3,1
国是直通车,武汉长江新区CJXQ,3,2
国是直通车,xuetong0109,3,2
国是直通车,Truth__sxy,3,2
地瓜熊老六,张忆安-龙战于野,2,2
地瓜熊老六,sd10980,2,1
地瓜熊老六,Morino-Kuma,2,2
地瓜熊老六,地瓜熊老六,2,2
地瓜熊老六,心影飞杨,2,2
地瓜熊老六,大老客大大,2,2
地瓜熊老六,鱿鱼大盘鱼,2,1
地瓜熊老六,陛下饿了没,2,2
地瓜熊老六,不二神M,2,2
地瓜熊老六,卖眼镜的老彭,2,2
地瓜熊老六,张国庆看天下,2,2
地瓜熊老六,一只红狼狼,2,1
地瓜熊老六,翼21,2,2
地瓜熊老六,魏霖侠,2,2
地瓜熊老六,AtarashiKibo,2,1
地瓜熊老六,铃铛阿姨,2,2
地瓜熊老六,SEVEN厦门摄影师,2,2
地瓜熊老六,-必·和光同尘-,2,2
地瓜熊老六,橘一晚灯,2,1
地瓜熊老六,菁菁克,2,2
地瓜熊老六,石花虾米粉,2,1
地瓜熊老六,飞火莲心1038134073,2,1
地瓜熊老六,言身寸家活计,2,2
张国庆看天下,云淡风清卧观月,2,1
张国庆看天下,财迷的海阔天空,2,1
张国庆看天下,云泉微博,2,2
大河报,看沁阳,3,3
大耳朵中医,松风微语,2,1
大耳朵中医,我爱上了民谣,2,2
大耳朵中医,瑄发糕,2,2
大耳朵中医,松子问道,2,2
大耳朵中医,晴天乐r,2,1
大耳朵中医,展书读照颜色,2,1
大耳朵中医,琵琶村的琵琶女,2,1
大耳朵中医,formozart,2,2
大耳朵中医,医路虔行3,2,2
大耳朵中医,冬日暖阳86323,2,1
大耳朵中医,鹤翔九天9861,2,1
大耳朵中医,用户5888155278,2,1
大耳朵中医,卡拉矿泉村,2,1
大耳朵中医,牛的干劲,2,1
大耳朵中医,lt2000_xj4,2,2
大耳朵中医,西西9099,2,1
大耳朵中医,行走-的锦鲤,2,2
大耳朵中医,用户7310057755,2,1
大耳朵中医,省省油的灯1,2,1
大耳朵中医,大可医美避雷-眼鼻轮廓,2,1
大耳朵中医,价值投资99,2,1
大耳朵中医,青青园中葵1998,2,1
大耳朵中医,西安许姐,2,2
大耳朵中医,用户5646499407,2,1
大耳朵中医,熊小样bear,2,1
大耳朵中医,九九_75209,2,1
大耳朵中医,小排哥s,2,1
大耳朵中医,青岛姑娘儿,2,2
大耳朵中医,国亨家尔安,2,1
大耳朵中医,moonn87,2,1
大耳朵中医,春暖苦夏,2,1
大耳朵中医,事事幸运的小富婆,2,1
大耳朵中医,虔州灰兔,2,1
大耳朵中医,大耳朵中医,2,2
大耳朵中医,皇亭边东箭道,2,1
大耳朵中医,花城主1,2,2
大耳朵中医,左撇子结构工程师,2,2
大耳朵中医,lld701108_6d62a7,2,1
大耳朵中医,皮皮鼠530,2,1
大耳朵中医,天行健275,2,1
大耳朵中医,莊子在这里,2,2
大耳朵中医,丘彼得2020,2,1
大耳朵中医,锅哥观世界,2,2
大耳朵中医,冰宝儿太萌伤不起,2,2
大耳朵中医,西陵小牧童,2,1
大耳朵中医,MM豆冰淇淋,2,2
大耳朵中医,岁月静好_yulingM,2,2
大耳朵中医,祝你平安_安安安,2,1
大耳朵中医,太阳总会升起的哦,2,1
大耳朵中医,一起去看大月亮,2,2
大耳朵中医,人老看美女,2,1
瑄发糕,得意的弦小二,2,2
冬日暖阳86323,马宝琳谈房颤,1,2
lt2000_xj4,马宝琳谈房颤,2,2
莊子在这里,马宝琳谈房颤,2,2
宁夏新闻网,来一杯乌龙,3,2
宁夏新闻网,永宁文化,3,3
宋汝界律师,宋汝界律师,2,2
青丘白凤九,林步里,1,2
小雨姐姐讲故事,小雨姐姐讲故事,2,2
尹克伦观天下,尹克伦观天下,2,2
尹克伦观天下,上韧合和明,2,1
山西共青团,吕梁中院,3,3
岳阳市中级人民法院,阿拉善政法,3,3
阿拉善政法,长治政法,3,3
常常的花园,海岛猫鼬_,2,2
平安商丘,商丘高速公安,3,3
平安温州,文成公安,3,3
平安温州,平安龙港,3,3
广东反邪教,CY无邪,3,3
广州检察,黄埔检察,3,3
广西反邪教,贺州反邪,3,3
开阳县检察院,刘慧SunShine,3,1
得意学堂岱珈,用户7462467386,2,1
得意学堂岱珈,得意学堂岱珈,2,2
得意学堂岱珈,得意这口儿,2,1
得意学堂岱珈,得意的弦小二,2,2
得意学堂岱珈,托尼你怕了吗,2,1
得意学堂岱珈,qinfengyuanyuan,2,1
得意学堂岱珈,用户7127663928,2,1
得意学堂岱珈,拼客云Yuntrip,2,2
得意学堂岱珈,清净的心境,2,1
得意学堂岱珈,用户7479990348,2,1
得意学堂岱珈,富婆爱挣钱,2,1
得意学堂岱珈,传承堂弟子丶万化子,2,1
得意学堂岱珈,心光印,2,2
得意学堂岱珈,依倚东望,2,1
得意学堂岱珈,陕西汉书下酒,2,3
得意学堂岱珈,学倪海厦,2,2
得意学堂岱珈,莫雨轩C,2,2
得意学堂岱珈,落_花_生_米,2,1
得意学堂岱珈,花落无语别无期,2,1
得意学堂岱珈,瑞薇娅,2,1
得意学堂岱珈,一江水墨,2,1
得意学堂岱珈,凡凡育儿,2,2
得意的弦小二,二白新的一年也要努力减肥,2,2
得意的弦小二,得意的弦小二,2,2
得意的弦小二,MagicRich_,2,2
得意的弦小二,玫瑰南_618,2,1
得意的弦小二,曼曼吸引力,2,2
得意的弦小二,小陈很幸福-,2,1
得意的弦小二,守静守朴,2,2
得意的弦小二,旎疋,2,2
得意的弦小二,1111问,2,1
得意的弦小二,泰迪熊一号,2,1
得意的弦小二,钱璐璐璐璐璐璐,2,1
得意的弦小二,三月星月,2,1
得意的弦小二,宓Miss,2,1
得意的弦小二,棋子小爱,2,2
得意的弦小二,黑留袖,2,2
得意的弦小二,风止息兮云中,2,1
得意的弦小二,狒狒小宝,2,2
得意的弦小二,Yuki_611,2,1
得意的弦小二,大树的种子609,2,1
得意的弦小二,岁月神偷不留痕,2,1
得意的弦小二,雷小花君,2,2
得意的弦小二,自在静水,2,1
得意的弦小二,when-may,2,2
得意的弦小二,好高兴2899181587,2,1
得意的弦小二,术伃85161,2,1
得意的弦小二,cookie刘七宝,2,2
得意的弦小二,莫雨轩C,2,2
得意的弦小二,幸运Bonnie001,2,2
得意的弦小二,溶雪的轻尘,2,1
得意的弦小二,家住富贵小区的驴康康,2,2
得意的弦小二,姐姐有点毒,2,2
得意的弦小二,Xx是小熊,2,2
得意的弦小二,花椒泡虎,2,1
得意的弦小二,凡凡育儿,2,2
得意的弦小二,Z小珏,2,2
得意的弦小二,注意没有熊出没,2,2
得意的弦小二,传承堂弟子丶万化子,2,1
得意的弦小二,maladou,2,2
得意的弦小二,蘇以辞,2,1
得意的弦小二,Hygge一节儿,2,2
得意的弦小二,心态要稳0929,2,1
得意的弦小二,静沐暖阳-sunshine,2,1
得意的弦小二,益木森,2,1
得意的弦小二,事件穹界的探索者,2,2
得意的弦小二,生如夏花872,2,2
得意的弦小二,托尼你怕了吗,2,1
得意的弦小二,媛媛的小小花园,2,1
得意的弦小二,一只熙友蝴蝶,2,2
得意的弦小二,吴鑫睿0000,2,1
得意的弦小二,认清自个,2,1
得意的弦小二,Ada小谢同学,2,2
得意的弦小二,心光印,2,2
得意的弦小二,孙木木love许香香,2,2
得意的弦小二,雁过长空---,2,1
得意的弦小二,八个冬菇啊1118,2,1
得意的弦小二,当记起时,2,1
得意的弦小二,喵喵tyann,2,1
得意的弦小二,自由的鱼567,2,2
得意的弦小二,贝壳螺旋,2,2
得意的弦小二,尘埃浮游于寂寂虚空,2,1
得意的弦小二,胖子老祁,2,2
得意的弦小二,雷同学_TL925,2,2
得意的弦小二,用户6297519736,2,1
得意的弦小二,软梨好吃,2,2
得意的弦小二,爱认真小姐,2,2
得意的弦小二,m二二MEU,2,1
得意的弦小二,当启明星升起,2,1
得意的弦小二,快乐528528,2,1
得意的弦小二,Elspeth-兔子窝里蹲,2,2
陕西汉书下酒,马宝琳谈房颤,3,2
幸运Bonnie001,马宝琳谈房颤,2,2
想着天妃宫,想着天妃宫,2,2
戎耀青春,绻影浮沙,2,2
戎耀青春,独好九州,2,2
绻影浮沙,绻影浮沙,2,2
绻影浮沙,独好九州,2,2
独好九州,观察者网,2,3
成都水务,济宁高新,3,3
济宁高新,陕西消防,3,3
成都高新市场监管,一搁诶哟,3,2
林步里,lesleysue,2,2
林步里,我的超级小可爱啊,2,1
林步里,moko柚子熊,2,2
林步里,小白要瘦啊,2,2
林步里,穿越的冰红茶,2,2
林步里,用户6897962327,2,1
林步里,Rae那个VV,2,1
林步里,夜满月Crystal,2,2
林步里,T-F-K-C-E-F-J,2,1
林步里,老狼曰,2,2
林步里,九命貓_ZHI,2,2
林步里,地下室棕榈树,2,1
林步里,楑种山,2,1
林步里,小焦糖,2,2
林步里,小小锐狂想曲,2,1
林步里,雪洒江南,2,1
方脑壳邓铂鋆,房东的真爱粉,2,1
方脑壳邓铂鋆,何须多见复多求,2,2
昆明警方发布,云南曲靖交警,3,3
昆明警方发布,平安富民,3,3
春雨医生,老中医治癫痫,3,1
曾生要賺錢練肌肉,曾生要賺錢練肌肉,2,2
李爷无为,雨中看江,2,2
李爷无为,李爷无为,2,2
李爷无为,淡若如风,2,2
李爷无为,知云游,2,2
李爷无为,爱何鸡汤,2,2
李爷无为,乐悠烁明,2,2
极客红石,五行属懒喜金,2,1
极客红石,爱看车的人,2,2
桂哥猎手VIP777,桂哥猎手VIP777,2,2
残云吹雨,Xcoolio,2,2
残云吹雨,残云吹雨,2,2
楼市政国策,楼市政国策,2,2
郁闷假逍遥,测评小铺,1,2
每日经济新闻,阳光喜欢绽放,3,2
江氏小盗龙,核心17,2,2
沙雕娱乐,阳光明媚_悦,2,2
法润成华,月亮开船,3,1
泰拳刚猛,Dan也可以是个女生名,2,1
测评小铺,壞壞壞尐儜,2,2
深圳第一想养狗人士,友联珠宝,1,1
深圳第一想养狗人士,李五人的朱闹闹,1,1
潇洒的瑷娃,潇洒的瑷娃,1,1
潘多拉魔盒锁丢了,潘多拉魔盒锁丢了,2,2
马宝琳谈房颤,牙医小巨蛋,2,2
马宝琳谈房颤,snow-超,2,1
马宝琳谈房颤,晓茗mo,2,1
马宝琳谈房颤,无意苦争春6653,2,1
马宝琳谈房颤,猫婷婷子,2,1
马宝琳谈房颤,王锳2020,2,1
马宝琳谈房颤,锦铭108,2,2
马宝琳谈房颤,体育迷弟弟,2,2
马宝琳谈房颤,Susjie_29542,2,1
马宝琳谈房颤,旱地小葱花,2,1
马宝琳谈房颤,大桶冰激凌,2,1
马宝琳谈房颤,风儿清云儿淡J,2,2
马宝琳谈房颤,戴萌小宝,2,1
马宝琳谈房颤,月亮啊月亮1711,2,1
马宝琳谈房颤,colour_me_bad,2,1
马宝琳谈房颤,生姜妹妹妹不吃冰,2,2
马宝琳谈房颤,用户6190176807,2,1
马宝琳谈房颤,芷茜Aileen,2,1
马宝琳谈房颤,朵拉-166,2,1
马宝琳谈房颤,v_向暖,2,1
马宝琳谈房颤,马峦山前,2,2
马宝琳谈房颤,小桥流水lxm,2,1
马宝琳谈房颤,用户6139558641,2,1
马宝琳谈房颤,菜小白chy,2,2
马宝琳谈房颤,用户7015339949,2,1
马宝琳谈房颤,雅熙Athena,2,2
马宝琳谈房颤,黑山小妖啊啊,2,1
马宝琳谈房颤,用户7763337471,2,1
马宝琳谈房颤,安妤_在向往的空间,2,2
马宝琳谈房颤,荷包满当当,2,1
马宝琳谈房颤,鲁燕笙,2,2
马宝琳谈房颤,用户5824349231,2,2
马宝琳谈房颤,LL小龍兒呀,2,1
马宝琳谈房颤,雪之雨夜,2,1
马宝琳谈房颤,萌儿优优,2,2
马宝琳谈房颤,阳春樱雪,2,1
马宝琳谈房颤,yy肆月天,2,1
马宝琳谈房颤,一个小梨子-WL,2,1
马宝琳谈房颤,专心致志橙,2,1
马宝琳谈房颤,想想WYZ,2,1
马宝琳谈房颤,旺民健康生活,2,1
马宝琳谈房颤,茗猪猪宝贝,2,1
马宝琳谈房颤,Paul_V,2,2
马宝琳谈房颤,Chloe72612,2,1
马宝琳谈房颤,大壮3355,2,1
马宝琳谈房颤,sunlikeasun,2,2
马宝琳谈房颤,用户7504796351,2,1
马宝琳谈房颤,潘多拉阿凡达,2,1
马宝琳谈房颤,Maria撒哈拉奥斯塔,2,2
马宝琳谈房颤,闻弦知雅义,2,1
马宝琳谈房颤,小茵茵-DDing,2,2
马宝琳谈房颤,qqukan,2,1
马宝琳谈房颤,我不说话我想静静,2,1
马宝琳谈房颤,勇敢的SuperMommy,2,2
马宝琳谈房颤,soly-y,2,2
马宝琳谈房颤,若夏日夕颜,2,1
马宝琳谈房颤,老牌偶像,2,2
马宝琳谈房颤,KikiViolin,2,2
马宝琳谈房颤,静然小碎,2,2
马宝琳谈房颤,用户7551316059,2,1
马宝琳谈房颤,静贤芳香美学,2,2
马宝琳谈房颤,芙妍丽,2,2
马宝琳谈房颤,用户5425711201,2,1
马宝琳谈房颤,杨陈佳颖,2,1
马宝琳谈房颤,用户6209119258,2,1
马宝琳谈房颤,REN人人---雲,2,1
马宝琳谈房颤,小灰灰-007,2,1
马宝琳谈房颤,甜点服务声,2,1
马宝琳谈房颤,无住生心之信愿行,2,1
马宝琳谈房颤,厦帕紫,2,2
马宝琳谈房颤,小小兔MM0220,2,1
马宝琳谈房颤,南希东辰,2,2
马宝琳谈房颤,小象瓶瓶,2,2
马宝琳谈房颤,眼底星空,2,1
马宝琳谈房颤,当当当当218,2,1
马宝琳谈房颤,用户6199727789,2,1
马宝琳谈房颤,小樱桃麻麻引凡,2,2
马宝琳谈房颤,了不起啊0,2,1
马宝琳谈房颤,ranxuxuOO,2,1
马宝琳谈房颤,凌云壮志peak京,2,1
马宝琳谈房颤,巴厘岛175号,2,2
马宝琳谈房颤,爱旅行的小精灵777,2,2
马宝琳谈房颤,飞雪gogo,2,1
马宝琳谈房颤,速速的哀伤,2,1
马宝琳谈房颤,初夏_夏oo,2,1
马宝琳谈房颤,牛小琳在途中,2,2
马宝琳谈房颤,小鱼津津JUNE,2,2
马宝琳谈房颤,未来的路平安着走,2,1
马宝琳谈房颤,最爱少女伊,2,2
马宝琳谈房颤,圆仔小能猫,2,1
马宝琳谈房颤,看见333666,2,1
猫猫阿姨的食堂,猫猫阿姨的食堂,2,2
猫猫阿姨的食堂,梅干菜好吃,2,2
王二姑娘今天离婚了吗,王二姑娘今天离婚了吗,1,1
环翠发布,今日竹岛,3,3
琉璃苣-呼市,KING的爱妃,2,2
甘肃共青团,共青团武威市委,3,3
甘肃共青团,庆阳共青团qygqt,3,3
番禺检察,富民县文化旅游,3,3
番禺检察,清清月色下的红药,3,1
瞌温昆,Emma_H_Sue,1,2
罗百竹,从不慌张眼角落月光,2,1
罗百竹,终日-乾-乾,2,2
罗百竹,didilike,2,1
罗百竹,柳正华的微博,2,2
罗百竹,刚满十八没多久,2,2
罗百竹,喜悦时光-名表总动员,2,2
美国医级资源_Sonmore,半夏到秋凉,2,2
美国医级资源_Sonmore,东润聊健康,2,2
美国医级资源_Sonmore,美国医级资源_Sonmore,2,2
苏州置业顾问V,苏州置业顾问V,2,2
药子陌,环宇青春,2,2
药师驾到助健康,药师驾到助健康,2,2
营养师刘遂谦,营养师刘遂谦,2,2
营养师刘遂谦,育儿专家张思莱,2,3
观察者网,Samael睡睡睡睡睡睡睡睡睡睡神包,3,2
观察者网,泖港视界,3,3
观察者网,CY忙毕业,3,2
观察者网,土豆牛肉高粱,3,2
观察者网,EelNot,3,2
观察者网,欣欣淼淼开心每一刻,3,1
观察者网,疾风之岚1230,3,1
观察者网,噩梦之舞,3,1
观察者网,楠楠家康,3,2
观察者网,雁云不是天上飘的那朵,3,2
观察者网,中国第一五毛,3,2
观察者网,丸子的水没满2,3,1
观察者网,起个笔名憋一天i,3,1
观察者网,听雨也听禅,3,2
视知TV,玛丽紫苏Hypersthene,2,2
视知TV,小羊-CarryOn,2,2
詹志斌同学,詹志斌同学,2,2
谜之免女郎X,天鹰计划,2,2
谜之免女郎X,柳寻花丶,2,1
谜之免女郎X,战情解码君,2,2
谜之免女郎X,谜之免女郎X,2,2
谜之免女郎X,喵呜喵呜随便叫什么吧,2,2
谜之免女郎X,-西野呼啸鹰-,2,2
谜之免女郎X,QueridoTsui,2,1
郭涛观察,郭涛观察,2,2
金华磊哥,金华磊哥,2,2
金华磊哥,义乌网事,2,2
金州检察,织金检察,3,3
铜仁消防,用户6311167358,3,1
阿bou,阿bou,2,2
阿普游记,阿普游记,2,2
陇南徽县信访,徽县招商引资局,3,3
陇南身边事,oo小师妹oo,3,2
陕西检察,佛坪县检察院,3,3
陕西检察,商南检察,3,3
陕西检察,蓝田检察,3,3
陕西检察,金台检察,3,3
陕西检察,商洛商州检察,3,3
陕西检察,榆林检察,3,3
陕西检察,莲湖检察,3,3
陕西检察,商洛检察,3,3
陕西检察,印台检察,3,3
陕西检察,南郑检察微博,3,3
陕西检察,凤翔检察,3,3
陕西检察,宁强检察,3,3
陕西检察,旬邑检察,3,3
陕西检察,汉中市检察院,3,3
陕西检察,秦岭南麓检察,3,3
陕西检察,王益检察,3,3
陕西检察,留坝检察院,3,3
陕西检察,陕西铁检,3,3
陕西检察,JC洛南检察,3,3
陕西检察,礼泉检察,3,3
陕西检察,太白检察,3,3
陕西检察,秦都检察,3,3
陕西检察,扶风检察,3,3
陕西检察,宝鸡检察,3,3
陕西检察,西乡县检察院,3,3
陕西检察,咸阳检察,3,3
陕西检察,榆阳检察,3,3
陕西检察,三原检察,3,3
陕西检察,略阳检察,3,3
陕西检察,洋县检察院,3,3
陕西检察,城固检察,3,3
陕西消防,鸡蛋管饼饼饼Q,3,2
陕西消防,反诈宣传员小迷妹,3,2
陕西消防,西咸新区秦汉新城,3,3
青岛发布,青岛交通,3,3
青岛发布,青岛西海岸新闻网,3,3
青岛发布,莱州发布,3,3
青木在德国,英之cai,3,2
骨科康复师吕铮,骨科康复师吕铮,2,2
骨科康复师吕铮,百迈康诺运动康复中心,2,1
骨科康复师吕铮,dingdingkoala,2,1
