Node	Layer	Color	Size
--4444x--	2	#134C74	1
39健康网	3	#134C74	1
椟菽荫	2	#134C74	1
止谣君	1	#70B999	1
911苏州新闻广播	3	#134C74	1
星星撞地球1980	1	#C30078	1
Dr_任	2	#134C74	1
HW前PM	1	#C30078	1
Jokielicious	2	#C80023	1
致以光辉的人	1	#EBAD40	1
千夜梦语	1	#C30078	1
发哈哈前辈	1	#EBAD40	1
bugishi	1	#EBAD40	1
roro-yang	1	#EBAD40	1
改名字真的真的好麻烦	1	#70B999	1
上杉绘梨艺	1	#70B999	1
和果子_Haruka	1	#C30078	1
SEKIROofWallStreet	1	#70B999	1
群青漫	2	#C80023	1
jia有两台碎钞机	1	#EBAD40	1
乌波尔斯基	1	#EBAD40	1
透明的霞光	1	#70B999	1
春天里的静子	1	#EBAD40	1
我有一只小咩咩我从来也不骑	2	#C80023	1
麓音沉景	1	#EBAD40	1
四处溜达的大风	1	#70B999	1
H气象万千H	1	#C30078	1
阿阿阿阿泽呀k	1	#EBAD40	1
果与贼	1	#C30078	1
卧虎老老	2	#134C74	1
不善捉人朴正熙	1	#70B999	1
暖暖的军大衣moon	1	#EBAD40	1
渡我妄想	1	#C30078	1
梦见我会飞了	2	#C80023	1
Zenobruto	2	#134C74	1
咬一口梅肉肉	2	#C80023	1
薄饼芥末	1	#70B999	1
辞小k	1	#70B999	1
第0023号果酱	1	#70B999	1
小虎吉	1	#EBAD40	1
愚者的TARDIS	2	#134C74	1
一草一树一花	1	#C30078	1
吃狗粮的波斯猫	1	#EBAD40	1
言者兔	1	#70B999	1
波波阿三头	2	#C80023	1
沙砾珠珠	1	#EBAD40	1
实事求是有那么难吗	1	#C30078	1
野心家锡箔扣	2	#134C74	1
cHEtifAmia	1	#70B999	1
达卡克莱恩	1	#70B999	1
期待一切好起来的猫	2	#134C74	1
Kunosarges	1	#C30078	1
If_it_bothers_you	2	#134C74	1
将小米辣倒入清汤锅底	1	#70B999	1
Minstrelsy大梦平生	1	#EBAD40	1
勹没有丶	1	#C30078	1
_____张氏情歌	1	#70B999	1
香香葵	1	#70B999	1
辣油大枣Anego	2	#134C74	1
重生字幕组	1	#C30078	1
田胤齐之见	2	#134C74	1
温润如受	1	#70B999	1
HAAHAn__	1	#EBAD40	1
心所见既所得	1	#70B999	1
Crayon_Park	2	#134C74	1
星命相对论	2	#134C74	1
用户7632781627	1	#70B999	1
猴哥de水帘洞	1	#C30078	1
想减肥的xu大妞	1	#C30078	1
后会有期x别来无恙	1	#70B999	1
青描谨年华	1	#70B999	1
一瓶草莓酸奶888	2	#134C74	1
小米lala	1	#70B999	1
勇敢的回忆baby	1	#70B999	1
起床还是睡觉	2	#134C74	1
知易行难·	1	#EBAD40	1
王歪歪wvv	1	#70B999	1
C古娜拉黑咕隆咚	1	#70B999	1
梓泽居士	1	#70B999	1
AmaZinP	1	#70B999	1
三沙随缘	1	#C30078	1
大脑萌是个正义喵	2	#134C74	1
卉卉女王	2	#134C74	1
陈囧_Hayward	2	#134C74	1
jurisdoctor	1	#EBAD40	1
不想失眠的月亮	1	#C30078	1
我坚决拥护党中央	1	#C30078	1
艾米粒200407	1	#70B999	1
小猴小麻恋爱bot	1	#C30078	1
令狐哥20121	2	#134C74	1
lry_cccp	1	#EBAD40	1
优雅花花的麦兜	1	#EBAD40	1
想大口吃肉的Kei	1	#70B999	1
日出东方泽润神州	1	#70B999	1
NovaMapleFNC	2	#134C74	1
Whh369	1	#EBAD40	1
暴躁的肥灰	1	#EBAD40	1
赵盛烨	2	#134C74	1
sheya007	1	#70B999	1
佩格帕乌拉	1	#C30078	1
下雨天5566	1	#70B999	1
春光乍暖	2	#134C74	1
木兰丁香	1	#C30078	1
nmymhjj	1	#EBAD40	1
萨特2011	1	#C30078	1
望处_雨收云断	1	#EBAD40	1
寅丸星_老父亲二号机	1	#EBAD40	1
昂船洲200703	1	#70B999	1
NephilimLu	1	#70B999	1
青衫仗剑而行	1	#70B999	1
鲍鲍的领地	1	#C30078	1
默行者无际	1	#EBAD40	1
二不廬	2	#134C74	1
无固定等式biubiu	2	#134C74	1
花园里有佩7	2	#134C74	1
nSamuel	1	#70B999	1
HOUYIXXX	2	#134C74	1
lovely瑛瑛lucky	1	#70B999	1
六月的小可爱么么哒	1	#70B999	1
赤瓜群众001	1	#C30078	1
无风无雨也无琴	1	#C30078	1
陪小怪兽一起打怪	1	#EBAD40	1
风君兰	1	#70B999	1
糊里糊涂12967	1	#EBAD40	1
一个外表低调内心奢华的人	2	#134C74	1
冷-岱岱	1	#C30078	1
至真斋主	2	#134C74	1
红旗漫卷西风微博4	1	#70B999	1
tb1589857579	1	#70B999	1
哟哟29704	1	#EBAD40	1
该用户已隐身	1	#70B999	1
bh常年无节操	2	#134C74	1
未也末	1	#EBAD40	1
鹰ying站在山顶远眺	1	#70B999	1
大乾哥儿	1	#C30078	1
土琵琶88	2	#134C74	1
中国的海岛	2	#134C74	1
Lamourlf	1	#EBAD40	1
人民团结运动	1	#70B999	1
曲水流觞者也	1	#EBAD40	1
用户7512151800	1	#EBAD40	1
星的天籁	1	#C30078	1
克己复礼蒋中正	2	#134C74	1
盲目崇古	1	#EBAD40	1
后现代魔术的代价会由所有人承担	1	#C30078	1
Boulevard	2	#134C74	1
石子的海有点奇怪	1	#70B999	1
k少校_246	1	#EBAD40	1
你我的旋律	1	#70B999	1
日暮行人缓缓归	1	#70B999	1
在水一方123万花筒	1	#EBAD40	1
敬属江上雨66	1	#EBAD40	1
名字被占用被占用被占用	1	#C30078	1
scopioncn	1	#EBAD40	1
霓裳羽衣虹	1	#EBAD40	1
宝儿贰爷	1	#70B999	1
小墨鱼202007	1	#EBAD40	1
猫子Page1218	2	#134C74	1
EOE绝无回旋余地	1	#C30078	1
北七家努涅斯	1	#C30078	1
用户6592598186	1	#70B999	1
逻辑引擎	2	#134C74	1
olisa912	1	#C30078	1
这么巧我也是出来打酱油的	1	#70B999	1
蓝鲸神	1	#70B999	1
江东·布衣	1	#70B999	1
宋文琛	2	#134C74	1
飒死一per肉绒卷	2	#134C74	1
天使我是shui	2	#134C74	1
Mr_-_ken	2	#134C74	1
秦岭河汉	1	#EBAD40	1
用户6934870650	1	#C30078	1
还是那个袁姐姐	1	#70B999	1
吞天冥蝎	1	#EBAD40	1
蜂蚕	1	#C30078	1
李应该好好想想如何哄好媳妇	1	#EBAD40	1
demonQ_Q	1	#C30078	1
北方小粉红	1	#C30078	1
千年老人2016	2	#134C74	1
用户美丽楼阁	1	#70B999	1
璇玑宫二娘子	2	#C80023	1
S7117	2	#134C74	1
君君的梦境	2	#134C74	1
普通会员一枚	1	#70B999	1
憧憬D_绯红的魔咒	2	#134C74	1
上海反邪教	3	#C80023	1
上海虹口	3	#C80023	1
探险虎探毛利小五郎小伟	1	#70B999	1
刘大立湖南宝庆人	2	#134C74	1
拷问侵害大脑的幽灵	1	#EBAD40	1
信受奉行之	1	#70B999	1
aa微尘1	1	#EBAD40	1
中国新闻报	3	#C80023	1
中国新闻网	3	#C80023	1
陕西龙V587	2	#C80023	1
J丹妮	2	#134C74	1
云舟亦慕颜轻冰糖	1	#70B999	1
阳谷县疾病预防控制中心	3	#134C74	1
拉祜澜沧	1	#EBAD40	1
Lumina68	1	#C30078	1
小白兔乖乖199204	1	#70B999	1
掌中谈笑	1	#EBAD40	1
黄归去来	2	#C80023	1
香港自由行加加	2	#C80023	1
张瀞予鱼儿	2	#C80023	1
是湘阳子	1	#70B999	1
诺宝儿洋	2	#C80023	1
雨晴_天空	2	#C80023	1
濯濯清流	1	#EBAD40	1
RealMadrid	2	#134C74	1
随遇而安的追求	1	#C30078	1
小馕饼干	1	#EBAD40	1
六六-小六	1	#EBAD40	1
饼干是超级美少女	1	#70B999	1
A大的遊戲晉級了	2	#C80023	1
这里是阆中	2	#C80023	1
中国日报网	3	#C80023	1
用户7729420659	1	#EBAD40	1
小小阮想吃成大大阮	2	#C80023	1
阿荣旗复兴镇	3	#134C74	1
用户7753827162	1	#C30078	1
用户6100621583	1	#EBAD40	1
shzcc888地盘	1	#EBAD40	1
婷姐逐光而行	2	#C80023	1
hyzhengjn	1	#C30078	1
阙德耗子	1	#C30078	1
慕烟阡眠	1	#EBAD40	1
啊啊啊-凯爱人	2	#C80023	1
用户7717955203	1	#EBAD40	1
宇莹酱yukki	1	#C30078	1
奇怪的猫6	1	#EBAD40	1
belinda_tao	1	#70B999	1
识好	1	#EBAD40	1
fangcaoyiyil	1	#70B999	1
用户7807553565	1	#C30078	1
用户6501183352红宝石	1	#EBAD40	1
荷塘月色下的碧竹	1	#EBAD40	1
燕子千里为您传送健康	1	#EBAD40	1
嘟嘴的小女生	1	#EBAD40	1
Alive-zw	2	#C80023	1
蔡久荣	2	#C80023	1
用户7502805796	1	#70B999	1
用户7408742949	1	#EBAD40	1
蓝心6278793432	1	#70B999	1
郑_xiao雪	1	#EBAD40	1
双宝妈的小生活	1	#C30078	1
杭州活动执行策划1	1	#C30078	1
夏日琴陌	1	#C30078	1
不禁云深	1	#C30078	1
用户7632803165	1	#C30078	1
真实地自己	2	#C80023	1
Wendy1993时代	1	#EBAD40	1
你好你好201806	1	#EBAD40	1
用户6380775380	1	#C30078	1
舞剧女孩	1	#EBAD40	1
夏子夜865	1	#70B999	1
zdd逗逗妈	1	#70B999	1
飓风老阮	2	#C80023	1
微电影大典李镇伊	1	#70B999	1
青青园LIYUAN	2	#C80023	1
群众杂志社	3	#134C74	1
雨涵2361	1	#EBAD40	1
浮世一菩提	1	#70B999	1
文道生aa	2	#C80023	1
手机用户2654970327	1	#EBAD40	1
馨排	1	#EBAD40	1
Superking杰	1	#EBAD40	1
用户7200901205	1	#70B999	1
Rickey純	2	#134C74	1
疯子23982	1	#70B999	1
余欢的梦瘾	1	#C30078	1
睡57907	1	#C30078	1
一之瀨太一	1	#EBAD40	1
中国知识产权之友	3	#134C74	1
中国网新闻中心	3	#134C74	1
张家界政法	3	#134C74	1
云南政法	3	#C80023	1
昆明西山政法	3	#134C74	1
会泽政法	3	#134C74	1
丽江政法	3	#134C74	1
安宁政法	3	#134C74	1
昆明市委政法委	3	#134C74	1
楚雄州政法	3	#134C74	1
昆明市中级人民法院	3	#134C74	1
普洱政法	3	#134C74	1
元谋政法	3	#134C74	1
平安曲靖	3	#C80023	1
临沧政法	3	#134C74	1
红河政法	3	#134C74	1
师宗政法	1	#70B999	1
弥渡政法	3	#134C74	1
玉溪政法	3	#134C74	1
沾益政法委	3	#134C74	1
西双版纳政法	3	#134C74	1
大理政法	3	#134C74	1
云南旅游广播	3	#C80023	1
李实Sebastian	2	#134C74	1
人民日报	3	#134C74	1
在路上的Y先生	1	#70B999	1
你白乘舟	1	#C30078	1
修灯的Cubewishper	1	#70B999	1
听雪咬人	1	#EBAD40	1
健识局	3	#C80023	1
元素论道	2	#134C74	1
光与热white	1	#EBAD40	1
全南发布	3	#134C74	1
内蒙古日报	3	#C80023	1
活力乌兰察布	3	#134C74	1
北方新报	3	#134C74	1
内蒙古禁毒	3	#134C74	1
海拉尔区人民法院	3	#134C74	1
内蒙古晨报	3	#C80023	1
内蒙古长安网	3	#134C74	1
牙克石市政法委	3	#134C74	1
凤凰卫视美洲台	3	#C80023	1
集花堂堂主	2	#134C74	1
宋体金	2	#134C74	1
perfectends	2	#C80023	1
凤凰网健康	3	#C80023	1
凤凰网视频	3	#C80023	1
已经是活着的传奇了	2	#C80023	1
Young丨	2	#C80023	1
Que_Sera_Sera_Sera	2	#C80023	1
Lonely_Veronica	1	#EBAD40	1
幸运雨点妈妈	1	#EBAD40	1
阿司匹林42195米	2	#134C74	1
Athelina枫潇然	2	#134C74	1
北京商报	3	#134C74	1
北京昌平	3	#C80023	1
凯蒂布莉儿	1	#EBAD40	1
十堰交警	3	#134C74	1
-平安-武当交警	3	#134C74	1
南宁火车站	3	#C80023	1
南方人物周刊	3	#C80023	1
苏苏_CarrieOn	2	#134C74	1
周至法院	3	#134C74	1
牡丹江阳明区法院	3	#134C74	1
秦岭北麓检察	3	#134C74	1
咸阳日报	3	#134C74	1
渭城区融媒体中心	3	#134C74	1
嘉善老顾	2	#134C74	1
三井茶浓	2	#134C74	1
四川交警	3	#134C74	1
南部县交警大队	3	#134C74	1
安州交警	3	#134C74	1
恩阳110	3	#134C74	1
ummmyah	1	#EBAD40	1
国是直通车	3	#C80023	1
利弗2024	1	#C30078	1
海森堡的兔	1	#C30078	1
朗特纳克	1	#70B999	1
V治愈微笑	1	#C30078	1
小菲她三姐	2	#134C74	1
人云亦耘张春耘	2	#134C74	1
小演员陈小苒	1	#C30078	1
黄者瑕古biu	1	#C30078	1
决定住在汉庭酒店1988	1	#C30078	1
Pease橙	1	#EBAD40	1
国际旅游岛商报	3	#134C74	1
地瓜熊老六	2	#C80023	1
徐雨1972	1	#C30078	1
cdxj519	1	#70B999	1
外号SuperWang	1	#EBAD40	1
华仔孑然	1	#C30078	1
陛下饿了没	2	#C80023	1
翼21	2	#C80023	1
花果茶de下午	1	#C30078	1
CIAO-TA	1	#C30078	1
铃铛阿姨	2	#C80023	1
SEVEN厦门摄影师	2	#C80023	1
-必·和光同尘-	2	#134C74	1
多彩贵州网	3	#134C74	1
大公報-大公網	3	#C80023	1
大河报	3	#134C74	1
看沁阳	3	#134C74	1
沽口老王	1	#EBAD40	1
用户6095759302	1	#EBAD40	1
用户7594159934	1	#C30078	1
我爱上了民谣	2	#134C74	1
松子问道	2	#C80023	1
formozart	2	#C80023	1
erdrise	1	#70B999	1
冬日暖阳86323	1	#EBAD40	1
长沙廷下牛马走	1	#EBAD40	1
梦幻泡影star	1	#EBAD40	1
用户9892610788	1	#C30078	1
谁念阿弥陀佛药师佛	1	#EBAD40	1
人生若只如初见壮壮	1	#70B999	1
用户65668899	1	#C30078	1
冰山来客的围脖	1	#C30078	1
奋斗的学徒	1	#C30078	1
食也性也玩也	1	#EBAD40	1
西安许姐	2	#134C74	1
心若莲花万般禅9	1	#C30078	1
梅南-	1	#EBAD40	1
wshop很快乐	1	#70B999	1
我是小磊落	1	#70B999	1
走路的小鱼	1	#EBAD40	1
蔚蓝森林公园	1	#EBAD40	1
睿琳Joy	1	#EBAD40	1
冷玥22049	1	#C30078	1
用户6878013011	1	#EBAD40	1
辣辣惹人爱99	1	#EBAD40	1
用户7327843279	1	#EBAD40	1
shirly瓶子	1	#C30078	1
BK总部虎妞	1	#C30078	1
可可花生糖	1	#C30078	1
mhhh188	1	#EBAD40	1
用户4912606809	1	#70B999	1
福报海88	1	#70B999	1
用户6983804740	1	#EBAD40	1
实事实话实说01	1	#EBAD40	1
云中采荷的日月	1	#C30078	1
木炭硫磺火绒	1	#C30078	1
沧海桑田一	1	#70B999	1
鱼儿6636	1	#EBAD40	1
杨小二yxe	1	#70B999	1
糖逗儿沾花生	1	#EBAD40	1
左撇子结构工程师	2	#C80023	1
乐予橙	1	#EBAD40	1
用户7760640592	1	#C30078	1
兰茂滇南	1	#EBAD40	1
沁香如故梅	1	#EBAD40	1
苍苍蒹葭永忆故乡	1	#EBAD40	1
YE不航船	1	#EBAD40	1
霜崚_余	1	#EBAD40	1
一杯姜枣茶	1	#EBAD40	1
左月mm	1	#70B999	1
MM豆冰淇淋	2	#C80023	1
水木123-a	1	#70B999	1
雪域中银狐	1	#C30078	1
缄-言	1	#EBAD40	1
仁心不动	1	#EBAD40	1
焕然一新欣欣向荣	1	#C30078	1
岁月静好_yulingM	2	#C80023	1
祝你平安_安安安	1	#C30078	1
悬壶没济世2	1	#70B999	1
wuzhi0312	1	#C30078	1
心晴91314	1	#EBAD40	1
honey天涯人	1	#70B999	1
不是潮汕T但是会拉肠粉	1	#C30078	1
淡淡de萍萍	1	#EBAD40	1
槐花香A	1	#C30078	1
用户g5q923wslf	1	#70B999	1
敏儿04338	1	#C30078	1
木火土太阳	1	#70B999	1
如东政法	3	#134C74	1
宁夏新闻网	3	#C80023	1
永宁文化	3	#134C74	1
宋汝界律师	2	#134C74	1
刘裔柒	1	#70B999	1
荧白之水	1	#70B999	1
小羊羊姑姑晨阳	1	#C30078	1
小豆子超级超级爱吃汤圆	1	#C30078	1
小雨姐姐讲故事	2	#C80023	1
尹克伦观天下	2	#C80023	1
w污泥红莲	1	#70B999	1
山西共青团	3	#134C74	1
吕梁中院	3	#134C74	1
岳阳市中级人民法院	3	#134C74	1
阿拉善政法	3	#134C74	1
师永刚	2	#134C74	1
海岛猫鼬_	2	#134C74	1
平安南京	3	#134C74	1
平安古蔺	3	#134C74	1
平安商丘	3	#C80023	1
永城冯鹤群	1	#C30078	1
商丘高速公安	3	#134C74	1
平安温州	3	#134C74	1
文成公安	3	#134C74	1
平安龙港	3	#134C74	1
平安禹州	3	#134C74	1
平安绵阳	3	#C80023	1
平安金阳	3	#134C74	1
平安铜梁	3	#C80023	1
广东反邪教	3	#134C74	1
CY无邪	3	#134C74	1
广州校园	3	#C80023	1
广州检察	3	#134C74	1
黄埔检察	3	#134C74	1
广西反邪教	3	#134C74	1
贺州反邪	3	#134C74	1
城中清风起	1	#C30078	1
延长检察	3	#134C74	1
南说灬	1	#70B999	1
延长法院	3	#C80023	1
开阳县检察院	3	#C80023	1
wohewo2308465277	1	#70B999	1
用户7711076489	1	#C30078	1
imisswater03	1	#EBAD40	1
森森可爱兔	1	#70B999	1
世界那么大爱你那么多	1	#EBAD40	1
走月逆行云5	1	#EBAD40	1
狂奔的猪猪	1	#EBAD40	1
拼客云Yuntrip	2	#134C74	1
澄澄青溪水	1	#EBAD40	1
英德维特	1	#70B999	1
Maggie0579	1	#C30078	1
陕西汉书下酒	3	#134C74	1
莫雨轩C	2	#134C74	1
风火家人777	1	#EBAD40	1
梵如夏花	1	#70B999	1
晖晖王者D	1	#C30078	1
元宝兔兔好运	1	#70B999	1
行者-小儿推拿	1	#70B999	1
wgh知足常乐2	1	#EBAD40	1
guongyihe	1	#C30078	1
二白新的一年也要努力减肥	2	#C80023	1
羊驼很暴躁	1	#70B999	1
开心每一天棒棒	1	#70B999	1
曼曼吸引力	2	#134C74	1
小兔在慵懒星球	1	#C30078	1
煦风拂晓	1	#70B999	1
薇-转个身美丽前行	1	#C30078	1
coco_liuliu	1	#C30078	1
山里草菇	1	#EBAD40	1
么me叔	1	#C30078	1
新月笑容123	1	#C30078	1
棋子小爱	2	#C80023	1
追光的向日葵W	1	#70B999	1
饮马瀚海1116	1	#EBAD40	1
AOoowa	1	#EBAD40	1
家中美短快点滚蛋	1	#EBAD40	1
狒狒小宝	2	#134C74	1
Yuki_611	1	#EBAD40	1
岁月神偷不留痕	1	#EBAD40	1
雷小花君	2	#C80023	1
路一直在走1988	1	#EBAD40	1
是阿莲啊么么哒	1	#70B999	1
用户7106976025	1	#70B999	1
术伃85161	1	#70B999	1
自走地丈量世界的野生相声演员	1	#70B999	1
正三忍	1	#70B999	1
juanmao	1	#EBAD40	1
木子大王废话博	1	#C30078	1
甘草甘蔗	1	#EBAD40	1
曾鲸子	1	#EBAD40	1
神清气爽倍倍儿棒	1	#70B999	1
姐姐有点毒	2	#134C74	1
叼羊妖_五花肉猫	1	#70B999	1
模式交易	1	#EBAD40	1
司歌林	1	#70B999	1
半疯半单纯ye	1	#EBAD40	1
流了个年呀呀呀呀	1	#C30078	1
家有俏妞的吃货妈	1	#70B999	1
离欲yu	1	#EBAD40	1
初一日	1	#70B999	1
一圆滚滚的笨冬瓜	1	#70B999	1
何苏叶的苏叶	1	#C30078	1
开心又开心的鹿鹿同学	1	#EBAD40	1
心态要稳0929	1	#EBAD40	1
菲菲妈妈的小世界	1	#70B999	1
和光同尘二零零一	1	#70B999	1
静沐暖阳-sunshine	1	#C30078	1
事件穹界的探索者	2	#C80023	1
生如夏花872	2	#134C74	1
阿嘞	1	#EBAD40	1
高杨05310539	1	#C30078	1
cindy-smg	1	#EBAD40	1
瑾尹匡	1	#C30078	1
大紫大红酒一酒	1	#C30078	1
桑梓为滨	1	#70B999	1
雁过长空---	1	#EBAD40	1
修身养性睡眼惺忪要悠哉悠哉	1	#C30078	1
我是星座专家	1	#EBAD40	1
春天的阳光huna	1	#EBAD40	1
loli圆	1	#C30078	1
希望早点辞职	1	#EBAD40	1
艳阳初晴	1	#70B999	1
桃色的桃香香	1	#C30078	1
啊哈哈哈逗b	1	#70B999	1
悠若溪	1	#70B999	1
FF19210701	1	#70B999	1
绿野仙踪	1	#EBAD40	1
网民道法自然	1	#EBAD40	1
Kindje	1	#C30078	1
水波不兴02	1	#70B999	1
软梨好吃	2	#134C74	1
plsjy888	1	#70B999	1
爱认真小姐	2	#134C74	1
东山月隐	1	#EBAD40	1
热爱大自然-1234	1	#EBAD40	1
用户5754305320	1	#EBAD40	1
想着天妃宫	2	#134C74	1
独好九州	2	#C80023	1
成都水务	3	#134C74	1
济宁高新	3	#134C74	1
成都高新市场监管	3	#C80023	1
林步里	2	#134C74	1
攀枝花平安西区	3	#134C74	1
会挽雕弓2020	1	#70B999	1
方脑壳邓铂鋆	2	#134C74	1
DerVierteNeue撸舔立	1	#EBAD40	1
我要看秋后算账	1	#70B999	1
日照网	3	#C80023	1
靠海的城市	1	#70B999	1
昆明警方发布	3	#134C74	1
云南曲靖交警	3	#134C74	1
平安富民	3	#134C74	1
春雨医生	3	#134C74	1
Xsy明天更美好	1	#70B999	1
李塘-生态无添加食品	1	#C30078	1
用户5582731458	1	#C30078	1
咸鱼十八摸	1	#70B999	1
一下长颜值	1	#C30078	1
墨清泽	1	#C30078	1
爱何鸡汤	2	#134C74	1
龙___夏	1	#EBAD40	1
乐悠烁明	2	#C80023	1
迎风一啸而过	1	#EBAD40	1
松果咙咚呛咚呛	1	#EBAD40	1
极客红石	2	#134C74	1
五行属懒喜金	1	#EBAD40	1
爱看车的人	2	#C80023	1
睡眠不足的树袋熊	1	#EBAD40	1
晚风中的小麦	1	#70B999	1
刚好就好patrickwong1982	1	#70B999	1
心内有微光	1	#EBAD40	1
穿越的冰红茶	2	#134C74	1
老狼曰	2	#134C74	1
九命貓_ZHI	2	#134C74	1
薄荷糖冰绿茶	1	#C30078	1
哎呦呵哎呦喂哎呦嚯	1	#70B999	1
李伐西	1	#EBAD40	1
修正勤	1	#EBAD40	1
柔祇雪凝	1	#70B999	1
依凡花花	1	#EBAD40	1
桂哥猎手VIP777	2	#134C74	1
东东zzmm	1	#70B999	1
喜闻乐见的男子	1	#70B999	1
一个寡言之人	2	#134C74	1
张扬一剑风无心	1	#70B999	1
这家伙很懒_什么也没有留下	1	#70B999	1
伊人如意	2	#134C74	1
雪域里的星星	2	#134C74	1
miso狂想曲	1	#EBAD40	1
芙莉莲推	1	#70B999	1
松溪鹤年	1	#EBAD40	1
沧海CHC	1	#70B999	1
重庆醉了	2	#134C74	1
楼市政国策	2	#134C74	1
桃子射手射子桃	2	#134C74	1
金人性的尾巴去哪儿啦	1	#70B999	1
落危月	2	#134C74	1
小闪电爸爸	1	#EBAD40	1
和苏打水母神和解吧	1	#70B999	1
fg91mk0	1	#70B999	1
拉乌得得	2	#134C74	1
史诗奇幻小酒馆	2	#134C74	1
花狸不是狸花	2	#134C74	1
别跟我抢荔枝这个昵称	2	#134C74	1
香卷卷卷	1	#EBAD40	1
皇上本攻喂你安胎药	1	#70B999	1
三件开心事儿	1	#70B999	1
幼肉肉的性感腿毛莉莉	2	#134C74	1
蒲蒲1022	1	#70B999	1
姚哲爸爸最爱的女儿姚君兰	2	#134C74	1
歲余焉不知	2	#134C74	1
-龙翔断九天-	2	#134C74	1
我不是张小蛇	1	#EBAD40	1
三句话让快斗为我花十八万	1	#EBAD40	1
波多野杰伊	1	#70B999	1
郭俐雪只是一个网名	2	#134C74	1
辰砂丷	2	#134C74	1
夜行惊梦	1	#70B999	1
阿怜只想摸鱼	1	#70B999	1
happy童言	1	#70B999	1
海德薇0401	1	#70B999	1
Annie445	1	#70B999	1
穿帮啦	1	#70B999	1
玉弥纳	1	#C30078	1
八十万中二教头老羊	2	#134C74	1
--钮扣--	1	#70B999	1
月际榴莲	1	#70B999	1
Kmisaki	1	#70B999	1
小林冲家的龙女仆	1	#C30078	1
米粒爱酸奶	2	#134C74	1
六虚剑魂	2	#134C74	1
大王是棵好苗子啊	2	#134C74	1
吟游诗人听不见自己的歌	1	#70B999	1
我也想不出什么名儿了	2	#134C74	1
蓝调猫咪	1	#EBAD40	1
宇宙时间剩余不足	1	#EBAD40	1
抗争抑郁的阿斯特忒里俄斯	1	#70B999	1
陈星-Oyang	2	#134C74	1
中医妇儿林波	2	#134C74	1
天然呆阿一_RE	1	#C30078	1
半壁_Yakoo	2	#134C74	1
La-lacklan	2	#134C74	1
老牌天下逍遥	2	#134C74	1
梦想不用工作有钱花	1	#70B999	1
西藏的黑狗	1	#70B999	1
丹顶咕	1	#C30078	1
Undying_Love	1	#EBAD40	1
追逐本心_	1	#EBAD40	1
我为T狂	1	#C30078	1
山高路草摇摇曳曳	1	#EBAD40	1
C位出道的佛系锦鲤	1	#EBAD40	1
立冬予三九	1	#C30078	1
毓浩一琪飞	2	#134C74	1
車弥子n	1	#EBAD40	1
Josugarrr	2	#134C74	1
执着的动画人	1	#70B999	1
喜懒一生推	1	#C30078	1
喵丽莎白	2	#134C74	1
你不羊老爹	1	#70B999	1
AsakageYuuka	1	#70B999	1
阆苑耕读渔樵	1	#C30078	1
Himymer	1	#C30078	1
唯有真知方有真爱	1	#C30078	1
关山飞渡2020	1	#70B999	1
---今天有点i橘---	1	#EBAD40	1
一剑南来	2	#134C74	1
Glanceses	1	#70B999	1
兔年大赚	1	#EBAD40	1
EveNinG夜p	2	#134C74	1
橘虞初梦温如梦_	1	#70B999	1
老史提芬周	1	#C30078	1
逍遥COP	2	#134C74	1
种花家的墨墨	1	#EBAD40	1
你家厕所堵了	1	#C30078	1
麻辣香鍋哈哈冲浪生活	2	#134C74	1
木易王京	2	#134C74	1
莺时花树	1	#70B999	1
藿香千岛酱	1	#70B999	1
问问小许	1	#70B999	1
可以给我吃你的草莓吗	1	#EBAD40	1
醉裡看劍	1	#C30078	1
卑之无甚高论者	1	#EBAD40	1
四方郎中	2	#134C74	1
無饿吥作	1	#EBAD40	1
发出反派的笑声口桀口桀口桀	1	#EBAD40	1
凶刻时雨	2	#134C74	1
盐津腌咸鱼	1	#70B999	1
Mingel	2	#134C74	1
幻谲	2	#134C74	1
Abvarytarss	1	#EBAD40	1
CQQ日常	1	#70B999	1
养生专家小王	1	#C30078	1
SC邢天	1	#70B999	1
游荡在世界的灵魂	1	#C30078	1
不准道人_	2	#134C74	1
小拾柒JOJOO	2	#134C74	1
混乱邪恶小熊猫	1	#C30078	1
花园里的甜麦圈CC	1	#EBAD40	1
米路灬	2	#134C74	1
宫发轫	1	#70B999	1
冰霜咖啡牛奶	1	#70B999	1
霹雳球球	2	#134C74	1
月近寒松燕窥兰-运势强劲版	1	#EBAD40	1
喑杏	1	#EBAD40	1
Naomiya_随遇而安	2	#134C74	1
我意云天	2	#134C74	1
LJQ-肥仔	1	#EBAD40	1
圆环之手	1	#70B999	1
一只有着贝加尔湖般深邃忧郁的狗	2	#134C74	1
小脆的脆	1	#EBAD40	1
飞花片片落潺湲	2	#134C74	1
wGslMq	2	#134C74	1
郑椰梨	1	#70B999	1
摘一笼稀有橘子	2	#134C74	1
起什么名字好呢好呢呢	1	#C30078	1
Kyunghee	2	#134C74	1
Atomicbomb_	1	#70B999	1
小鑫Monkey	2	#134C74	1
2022手工天才	1	#C30078	1
aa_ex	2	#134C74	1
shulingyun2004	1	#EBAD40	1
郜幻小	1	#EBAD40	1
青衫洗旧Lainiee	2	#134C74	1
半园半城	1	#C30078	1
吃了雪糕西瓜不甜了	1	#C30078	1
数码科技的星空	2	#134C74	1
LumiereNoire	2	#134C74	1
取之有道高飞狗	2	#134C74	1
Gent欣泽	1	#EBAD40	1
五界之中	2	#134C74	1
四月一日嘉嘉	1	#70B999	1
滿滿昕思De豚	2	#134C74	1
RD风轻云淡	2	#134C74	1
默默的小快乐	1	#C30078	1
严厉打击大唐宠物造假窝点	1	#70B999	1
DSerxc	1	#EBAD40	1
孙同学三号	2	#134C74	1
张纤也有重名啊	2	#134C74	1
不负花与血	2	#134C74	1
風中叮嚀e_e	1	#70B999	1
无聊的zy	1	#C30078	1
agg39	1	#70B999	1
流离梵花	1	#C30078	1
人形师Koji	2	#134C74	1
pgz-09	1	#70B999	1
夏怜青	1	#C30078	1
NYE翔昊	2	#134C74	1
你说起名就起名那我岂不很没面子	1	#C30078	1
_無馱無馱無馱無馱無馱_	2	#134C74	1
怪蜀黍老囧曾	2	#134C74	1
阿昱lovesVic	1	#70B999	1
W03280209Y	2	#134C74	1
DONGJAN	2	#134C74	1
大顺的玩具	2	#134C74	1
野性甜酒	2	#134C74	1
你打草我惊蛇	2	#134C74	1
眾人表妹就係我	1	#70B999	1
十一_2023	1	#70B999	1
·芝芝檬檬·	2	#134C74	1
浅糖纸鹤	1	#EBAD40	1
尹进是个好同学	2	#134C74	1
红a的乳首	1	#70B999	1
悠然观山水	2	#134C74	1
二氧化硅夹子残片在阴沟	1	#70B999	1
树袋熊全肯定bot	1	#C30078	1
迦若2012	1	#C30078	1
神吐槽奇葩	2	#134C74	1
MiranFroaude	1	#70B999	1
EASTERN2019	1	#C30078	1
放肆热爱猫和我	2	#134C74	1
大空空如也	1	#EBAD40	1
百年孤獨P	2	#134C74	1
暴强夜猫	2	#134C74	1
阿圈次竹纸	2	#134C74	1
进击的吾姐	1	#C30078	1
星河雨转千帆舞	1	#EBAD40	1
SIM团子	2	#134C74	1
小西瓜_1028	1	#EBAD40	1
牵牛花开369	1	#70B999	1
returnreal	1	#70B999	1
诸邪避退霄丸童	2	#134C74	1
混沌形态转化中	1	#C30078	1
jvia_要有好身体	2	#134C74	1
只喝水是不会饱的	2	#134C74	1
Daisy生活还是要继续	1	#70B999	1
小小板栗水中游_RX	2	#134C74	1
柳酒徒	1	#C30078	1
3生石-往大同	1	#70B999	1
想去旅行的大燕	2	#134C74	1
浅野遥遥遥	1	#70B999	1
和风光明	1	#70B999	1
佛山ACG达人_小宇宇ALICE	2	#134C74	1
今宵只属于雪月花	1	#70B999	1
又甜又咸鱼	1	#EBAD40	1
黄道带1977	1	#70B999	1
木棉竹荀	1	#EBAD40	1
喜欢清风明月素质好的人	1	#EBAD40	1
LYK今天瘦了吗	1	#C30078	1
千古万人空一格	1	#C30078	1
阿德里赢	1	#EBAD40	1
苦味酸_X	1	#EBAD40	1
carcath-SH	2	#134C74	1
三心和碎叶	2	#134C74	1
松心为烟	1	#70B999	1
CHEETAH0909	1	#C30078	1
lonelilonely	1	#70B999	1
拾光樾霖	1	#EBAD40	1
一宵凄凉曲	1	#C30078	1
电动都是对的	2	#134C74	1
五路财神心尖宠	2	#134C74	1
小白sH1RO	1	#70B999	1
zhouzhoushihaoren	1	#70B999	1
花火_HANAHANA	2	#134C74	1
三年Z组lucy桑	2	#134C74	1
-Kresnik-	2	#134C74	1
居然是炸丸子	2	#134C74	1
女友一只mouton	2	#134C74	1
中医韦青林-	1	#70B999	1
一脸傲娇哒问剑大人	2	#134C74	1
嘉然丸吞Suket-Key	2	#134C74	1
Vanilla爪爪	2	#134C74	1
锦绣依翠	1	#C30078	1
卖女孩的小黄人Ren_	2	#134C74	1
盖世英雄玉椒龙	2	#134C74	1
kiligg	1	#70B999	1
职业白嫖王射长	1	#C30078	1
说走就走的潇洒	2	#134C74	1
yao173	1	#EBAD40	1
我在河岸等季三哥	2	#134C74	1
且待春和款款行	1	#EBAD40	1
早饭吃神马2099	1	#EBAD40	1
Fionababy62_696	1	#C30078	1
临云-Gyrfalcon	1	#EBAD40	1
睡觉芋泥	1	#70B999	1
天大地大_南柯一梦	2	#134C74	1
葵熙白月	2	#134C74	1
_寒流几时来	2	#134C74	1
我爱蓝山冰美式	1	#EBAD40	1
Zhu_WIcky	1	#70B999	1
鲤欧鱼也是鲤鱼	1	#70B999	1
没有人比我更懂去来之间	1	#EBAD40	1
吴路空_雷王计划	2	#134C74	1
你靠近时云下降了	1	#C30078	1
Four_Ze	1	#70B999	1
雪莉的发夹	1	#70B999	1
大神风_大发动肝已实装	1	#70B999	1
雾绡_	1	#EBAD40	1
bebopbot	2	#134C74	1
网文码字员吃鳌	1	#C30078	1
keysword_	1	#70B999	1
米笑爱生活	2	#134C74	1
柴可乎SUKI	1	#70B999	1
不法奶牛	2	#134C74	1
素华-怒求本命不补刀	1	#EBAD40	1
种花的兔	2	#134C74	1
哆啦椰子	1	#70B999	1
Z君今天不开心	1	#70B999	1
黄昏小丑	2	#134C74	1
用户7722711818	1	#70B999	1
钢铁与烈火	1	#C30078	1
皮皮虾味条	1	#70B999	1
乌苏wusuli	2	#134C74	1
依然寻找四叶草809	1	#70B999	1
再炸我号的臭坶零四千加	1	#C30078	1
老李谈兵	2	#134C74	1
灰灰鸡	2	#134C74	1
superview	1	#EBAD40	1
人类灯塔大米国	1	#70B999	1
不安于现状的毛兔子	2	#134C74	1
Xcoolio	2	#134C74	1
每日经济新闻	3	#134C74	1
阳光喜欢绽放	2	#134C74	1
民勤县融媒体中心	3	#134C74	1
用户6482054854	1	#C30078	1
法润成华	3	#C80023	1
月亮开船	1	#EBAD40	1
泰州发布	3	#C80023	1
测评小铺	2	#C80023	1
羊羊懒非懒羊羊	1	#EBAD40	1
淄博警方	3	#C80023	1
深圳第一想养狗人士	1	#70B999	1
坏美女美羊羊爱包包	1	#EBAD40	1
星空落心上	1	#EBAD40	1
滁州楼市	3	#C80023	1
liusong的美丽家园	2	#134C74	1
70后普通群众	1	#C30078	1
马宝琳谈房颤	2	#C80023	1
最美开创者蒋国清	1	#EBAD40	1
从容简约	1	#C30078	1
猫猫阿姨的食堂	2	#134C74	1
林也也_Summer	2	#134C74	1
环翠发布	3	#134C74	1
今日竹岛	3	#134C74	1
琉璃苣-呼市	2	#134C74	1
李学飞010	1	#C30078	1
甘肃共青团	3	#134C74	1
共青团武威市委	3	#134C74	1
庆阳共青团qygqt	3	#134C74	1
甜牛奶炖梨子汤	1	#70B999	1
Dora的彩虹糖	1	#70B999	1
XXL号黒猫	2	#C80023	1
最近怎么这么喜欢吃	1	#EBAD40	1
宇宙產物雅咩蝶	2	#C80023	1
音菲小可	1	#C30078	1
sirius槿_种草不停安利不息	2	#134C74	1
绯荔榭红茶少冰少糖	1	#EBAD40	1
柚子_wyn127	1	#C30078	1
宸霺	1	#70B999	1
野蛮的小孩子	1	#C30078	1
麻利点噢噢--重新做人	1	#70B999	1
hhsDxcm	1	#70B999	1
叶卿北	1	#70B999	1
925-anodyne	1	#EBAD40	1
一陆一陆一	1	#EBAD40	1
诺北·hano	1	#EBAD40	1
松树菌群	1	#EBAD40	1
春和霧裡	1	#EBAD40	1
诸葛黛黛	1	#EBAD40	1
Qiiiqiu	1	#EBAD40	1
靤人	2	#C80023	1
为啥这昵称不可用	1	#C30078	1
今天想喝茉香奶绿	1	#C30078	1
知空chikuu	1	#EBAD40	1
小胖HxH	2	#134C74	1
歪太查查	2	#C80023	1
Re立花时雨	2	#C80023	1
milan606	1	#C30078	1
zysswssy	1	#EBAD40	1
伏八万岁	2	#134C74	1
livevilKP	1	#70B999	1
YmenLee	2	#C80023	1
小花喵喵羊羊羊	1	#C30078	1
Yaner菸	2	#C80023	1
万国衣冠尽拜冕旒	2	#C80023	1
庭兰凝霜	1	#EBAD40	1
主播家的小宅	1	#EBAD40	1
大连湾段誉	2	#C80023	1
吴阿瓦1p	1	#70B999	1
MiaPanda潘达	2	#C80023	1
神经病要任性	2	#C80023	1
Nicolch	1	#EBAD40	1
就要做主角的芹菜	1	#70B999	1
毛绒绒不爱喝啤酒	1	#C30078	1
Laksmana	1	#70B999	1
努力与丧气搏斗的33君	2	#C80023	1
油炸豆腐_GD君	2	#C80023	1
哇哦春天来啦	1	#70B999	1
海盐泡泡鱼	1	#EBAD40	1
飞飞_freedom	1	#EBAD40	1
路口第一家猪肉铺	2	#134C74	1
樱桃美玖	1	#70B999	1
兔肥圆	2	#C80023	1
清浅年华_忆何起	2	#C80023	1
Asteria-_-	1	#EBAD40	1
时光机什么时候才能造好	1	#EBAD40	1
xkanxusbaoqjwusbja	1	#C30078	1
高帅在江南	2	#134C74	1
叫什么都好我不在意	1	#C30078	1
默墨沏嘁	2	#134C74	1
Snaannsouthu	1	#EBAD40	1
云霭之空	2	#C80023	1
北地的雪风	1	#C30078	1
露脆秋梨白	1	#C30078	1
阿比盖耳朵	1	#70B999	1
尒貓貓	1	#70B999	1
茶唧唧_狗叠不抽我明天就倒闭	2	#134C74	1
GUAN爱生活少用一次性塑料	1	#70B999	1
影与言	1	#EBAD40	1
星辰大海莱茵哈特	1	#70B999	1
居居超级无敌棒棒棒	2	#134C74	1
馆馆今天欧皇了吗	2	#C80023	1
笑看太阳也熄灭__	1	#C30078	1
眼睛里装着无限大人	1	#70B999	1
Cc_xxoelars	1	#EBAD40	1
殳常逸-	1	#70B999	1
阿迁迁废话bot	1	#C30078	1
早晚会发光的洛莉雅	1	#C30078	1
无处安放的旧时光	1	#70B999	1
元気战車	2	#134C74	1
老王在你家	2	#C80023	1
不说话就憋得慌	1	#EBAD40	1
Ruri-璃	1	#EBAD40	1
御名幽幽子	1	#EBAD40	1
懒羊羊晒太阳呀	1	#70B999	1
奶黄芋泥啵啵球	1	#70B999	1
日本笑死我了	2	#134C74	1
果茶不可以	2	#134C74	1
你的夏天还好吗_1016	2	#C80023	1
鄭小貓_認真活	2	#C80023	1
逍遥神剑_用爱发电用生命产粮	2	#C80023	1
娑罗界中观菩提	1	#EBAD40	1
无我梦中独角鲸·D·V	1	#70B999	1
燕麦抹茶拿铁少加冰块	1	#70B999	1
灰发路人厨	1	#70B999	1
智灬花	2	#C80023	1
停电后思考	1	#70B999	1
dimoo小乖乖	1	#C30078	1
kobito_	1	#EBAD40	1
Amber_Loveactually	1	#C30078	1
鲷鱼猫喵喵喵	1	#70B999	1
Pauline_ff	1	#70B999	1
呀么呀呢	1	#70B999	1
小蝶已经放弃填坑	2	#C80023	1
蓝蓝天空高挂我的梦W	2	#C80023	1
双子座明明就是你呀	1	#70B999	1
彗星-加伯列	1	#C30078	1
法隆寺糖心	1	#EBAD40	1
一句话祝福	1	#EBAD40	1
夏雨型反气旋	1	#C30078	1
包子脸要减肥	1	#70B999	1
柚子才不是圆滚滚的	1	#70B999	1
羽光千翼	2	#C80023	1
M9-2020	1	#EBAD40	1
木白yeeeeee	1	#C30078	1
极桃奶芋冻	2	#C80023	1
dhajfbfr23	1	#EBAD40	1
zheshinichenga	1	#70B999	1
椰椰水果宾治	1	#EBAD40	1
Din_nnnnnnnnnnnnn	2	#134C74	1
zero-零君	2	#134C74	1
不重要-无所谓-随便吧-爱咋咋地-	1	#C30078	1
好喜欢脆笋	2	#C80023	1
宁睡觉	2	#134C74	1
做饭难吃釉师傅	1	#C30078	1
斗牛飞鱼蹭饭胡	2	#C80023	1
-Wu_Liang-	1	#C30078	1
J6o6y	2	#C80023	1
好奇饭桶熊	1	#C30078	1
那端是一场冬的雪_	1	#70B999	1
开晓_	2	#C80023	1
KKKrystal_W	2	#134C74	1
bezhu_	2	#C80023	1
野比大雄	2	#C80023	1
浅草若薇_罐罐	2	#C80023	1
小南瓜的主人呀	1	#C30078	1
乌德卡特洛基	2	#C80023	1
注定孤独一生的瓶子	2	#C80023	1
小咪不要生病	1	#EBAD40	1
大脆鸡排麦满分	2	#C80023	1
萤火千夏	1	#C30078	1
占星师Crystal	2	#C80023	1
三月暒辰_吉	1	#EBAD40	1
一步一喵	2	#C80023	1
咚咚的碎语	2	#C80023	1
Amaretto_Fu	2	#C80023	1
初钦	1	#C30078	1
水舞银鸽	1	#EBAD40	1
胃里发现恐龙残骸的化石猫	1	#EBAD40	1
紫米大仙	1	#EBAD40	1
Sholto-	1	#C30078	1
香香欧气满满	2	#134C74	1
向前914微博	1	#C30078	1
zzz小澄	2	#C80023	1
布里塔尼亚皮皮王	2	#C80023	1
涟漪起千浔	2	#C80023	1
都卿美意	1	#70B999	1
浪漫运作博物馆	2	#C80023	1
向日葵泰瑞	1	#EBAD40	1
有路芝士布丁	2	#134C74	1
可爱又迷人的viki	2	#C80023	1
x_Lumos_x	1	#C30078	1
段风	1	#EBAD40	1
小夜-弓道修行中	1	#C30078	1
浩生野介	1	#EBAD40	1
西红柿炒蛋不错	1	#C30078	1
魔法少年上条当麻	2	#C80023	1
HerenYeager	1	#70B999	1
jay小木	2	#C80023	1
寻因不果	1	#C30078	1
画画的翔叔叔	1	#C30078	1
猫suncat_	1	#70B999	1
Dr_WuGH	2	#C80023	1
半面子坞	1	#70B999	1
Tisumi57	1	#EBAD40	1
又旧又旧	1	#C30078	1
Senren-M	2	#C80023	1
认真的顽固者	2	#C80023	1
咚咚馄饨面_sk	2	#C80023	1
长嬴炎上	1	#C30078	1
好想每天吃蚕豆啊	1	#EBAD40	1
感觉自己运气很好的七	2	#C80023	1
_黑蛾_	1	#EBAD40	1
说晚安就睡星人	1	#EBAD40	1
猫猫猫Morning	2	#C80023	1
慕千容丶	2	#C80023	1
自带灭火器的法尔多拉贡	2	#C80023	1
黄泉路烂漫	1	#C30078	1
弟渴	1	#C30078	1
真FREEDOM-白鼠	2	#134C74	1
橙里里_	2	#134C74	1
天人语录	1	#EBAD40	1
亚麻籽_	1	#C30078	1
龙崎阿绿耶	2	#C80023	1
DA懿-充实的豌豆	2	#134C74	1
Reddragon_klssfs	2	#C80023	1
平和岛十二熊	1	#70B999	1
爪沼	1	#70B999	1
大提提916__李泽言0113生日快乐	2	#134C74	1
泉城有我	1	#EBAD40	1
林克校长	2	#C80023	1
realhah	1	#70B999	1
樱fafafa	1	#70B999	1
咖啡冻不会失眠	1	#70B999	1
我爱哈尔滨工	1	#70B999	1
火澄	1	#70B999	1
逆回之夏	1	#70B999	1
Amy-BP	1	#C30078	1
月岚君	2	#C80023	1
请给我一杯白茶龙井	1	#70B999	1
猫猫annscat	2	#C80023	1
戏言小熊猫	1	#C30078	1
假木头真十一	2	#C80023	1
Hotarurururu	2	#C80023	1
404暂时无法显示	1	#C30078	1
Sugar现在番埋黎	1	#EBAD40	1
千山凝黛	1	#EBAD40	1
安眠不能	1	#70B999	1
幻橙草莓	2	#C80023	1
Accompany一3一	2	#C80023	1
请给我智慧的头脑吧	2	#C80023	1
Adesso	2	#C80023	1
子车末32O	2	#C80023	1
空无zero	1	#C30078	1
神隐的某暖	2	#C80023	1
小8家的喵太	1	#70B999	1
我是穿衬衫的招财猫	1	#70B999	1
桔子建筑设计工作室	1	#EBAD40	1
盛家工具人	1	#70B999	1
salyu_ml	1	#70B999	1
吳Xiao花	2	#C80023	1
Lilith就是Lilith	2	#C80023	1
泽维尔天赋青少年学院-保安-丞叽	2	#C80023	1
阮戊	1	#EBAD40	1
阿阿阿阿阿阿阿银	2	#C80023	1
任天喵	1	#70B999	1
盈雪Tifosi	2	#C80023	1
岡崎鏡	2	#C80023	1
用户7219808406	1	#C30078	1
夷陵有逊	2	#C80023	1
预徉	1	#EBAD40	1
腾可夫切尔斯基	2	#C80023	1
川谷梓	1	#EBAD40	1
新年用了新ID	1	#C30078	1
炒面面包侠	1	#70B999	1
instoz	2	#C80023	1
-·纸袋子	2	#C80023	1
深黑薄荷	2	#C80023	1
一轮大大大月亮	2	#C80023	1
江北ASF	1	#C30078	1
叮叮叮妈妈	1	#C30078	1
木少春十一	2	#134C74	1
-安夜夜-	2	#C80023	1
不达目标不改名呢	2	#C80023	1
狗狗想出门	1	#C30078	1
深秋的虫	1	#EBAD40	1
黑乎乎viiii	1	#70B999	1
EmbraceBeforeSunrise	2	#C80023	1
一只小麋鹿自说自话	1	#70B999	1
十四有只小羊羔	2	#C80023	1
Tmn07	1	#C30078	1
慕云初_永远在减肥	2	#C80023	1
恶魔的兔头	2	#C80023	1
弗雷德里克小王纸	2	#C80023	1
我才不看你脸色	1	#C30078	1
小v2滴粑粑_想看成长滴烦恼	2	#C80023	1
舞凌_待机中	2	#C80023	1
Jozwiaee	1	#EBAD40	1
xxscssllfkbgdymks	1	#70B999	1
欺詐師_狸貓	1	#EBAD40	1
无角螭	1	#70B999	1
稻草味的喵尾巴	2	#C80023	1
Call_me_Biscuit-SAMA	2	#134C74	1
冰激流	1	#70B999	1
十点睡觉指南	1	#70B999	1
百事256	2	#134C74	1
绝味鸭bo	2	#C80023	1
板烧麦呢鸡腿堡	2	#C80023	1
花大卷	1	#70B999	1
大丁侠	1	#70B999	1
酒醒明月夢幾回_	1	#C30078	1
流星有一条过长的尾巴	2	#C80023	1
二黄不喝香草奶昔	1	#70B999	1
爱与正义的味方业桑	2	#C80023	1
异域旅人	1	#70B999	1
匆匆太	1	#C30078	1
瓦利小姐	1	#EBAD40	1
肥神索尔	2	#C80023	1
故人亽	1	#C30078	1
xixi很二哈	1	#EBAD40	1
红豆原子牛奶糖	2	#C80023	1
啊笔啊笔	1	#70B999	1
小黑裙4386	1	#C30078	1
偷吃鸭的鱼	1	#C30078	1
Rachel-J	2	#C80023	1
逆光远行的梦想	1	#EBAD40	1
总是不开心的cookie	2	#134C74	1
井小希_劉Kiki	2	#134C74	1
萌V3V萌	1	#C30078	1
财神森塞是银參导师	2	#C80023	1
小猫贞贞	1	#70B999	1
KamenRiderJessica	2	#134C74	1
artificialhumanbing	1	#EBAD40	1
绯宥	2	#C80023	1
薄脆史迪仔	1	#EBAD40	1
Doo想要交朋友	2	#C80023	1
东了个厢	2	#C80023	1
傻傻呆呆要挣钱	2	#C80023	1
缪粘粘	2	#C80023	1
练总今天出货了吗	2	#134C74	1
我是脑瘫	2	#C80023	1
十一狼今天有狗了吗	1	#70B999	1
狗狗祟祟的奥利奥	1	#C30078	1
七七四九三十六	1	#C30078	1
Catforestarea	1	#EBAD40	1
小记淡意	1	#C30078	1
入水願亻	1	#C30078	1
HH必须会飞	1	#70B999	1
塔卡拉宝	1	#70B999	1
无限循环章鱼鱼鱼	1	#70B999	1
麻辣小丸001	1	#70B999	1
一只快乐小狗玥	1	#C30078	1
你穿这身军装真好看	2	#C80023	1
_超尘	2	#C80023	1
普鲁士蓝啊-	2	#C80023	1
__别止	1	#EBAD40	1
咸鱼大橘猫未夏锅子	1	#EBAD40	1
白喵喵de胡茬	1	#C30078	1
一只要努力的团子	1	#70B999	1
杉玖霖	2	#C80023	1
晒盖Ruby	1	#C30078	1
给佬黄佬给	2	#134C74	1
我的茉莉被风吹下天台	1	#70B999	1
超超园	1	#70B999	1
佶人自有肚腩_23163	1	#EBAD40	1
重生之废话碎纸流汗黄豆屑	1	#70B999	1
我真的不是汪娅	2	#C80023	1
Melancholy鹅妈妈	1	#70B999	1
Dux_XD	1	#70B999	1
一般细粽	1	#70B999	1
Llinil	1	#70B999	1
哼小Q	1	#70B999	1
一级狗塑玩家	2	#134C74	1
豆豆zylong	2	#C80023	1
C-幻化為風	2	#134C74	1
鳄梨苹果汁	1	#C30078	1
碳基意识体	1	#70B999	1
伊吹茶依	2	#C80023	1
啊鸡米德-杰克布	2	#C80023	1
妮米潘	2	#C80023	1
七月里的桃子小姐	1	#EBAD40	1
in酱卡米尼纳洛	2	#C80023	1
你说现在怎么办	1	#70B999	1
yoooo條	2	#C80023	1
谷慕一	1	#EBAD40	1
heyZHIJUN	2	#C80023	1
小狗激推bot_	1	#C30078	1
欧洲大吉岭	1	#C30078	1
现在正在活着	1	#EBAD40	1
拆拆不吃拆逆	1	#EBAD40	1
-randare-	2	#C80023	1
饼子脸杏儿眼	2	#C80023	1
咖喱mo	1	#70B999	1
laoga	1	#C30078	1
扇子去上班	1	#70B999	1
从不缺德数码	2	#134C74	1
林家的小光光	1	#C30078	1
初歇歇	2	#C80023	1
三水七山	1	#EBAD40	1
乖巧的陈圣俊女朋友	1	#70B999	1
小小小柚_	1	#70B999	1
菌夏_	2	#C80023	1
图二碗	2	#C80023	1
有钱有糖吖	1	#70B999	1
想和小宋睡懒觉	1	#EBAD40	1
眼镜猫miwumiwu	2	#C80023	1
大小熊201601	1	#EBAD40	1
非裔欧洲人	2	#C80023	1
鲲来yu	1	#EBAD40	1
奶憂糯米糍_	2	#C80023	1
ballban_铅笔	2	#134C74	1
卡塔玛粒麻里mari	1	#EBAD40	1
妇女之敌罗严塔	2	#C80023	1
月海夜空	2	#134C74	1
-日曜	1	#C30078	1
淘宝优惠券Fairy2412	1	#EBAD40	1
薄荷绿冰淇淋	2	#C80023	1
圆小媛不圆圆	2	#C80023	1
-云鹤景从	2	#134C74	1
时雨飞飞	2	#C80023	1
v方块与海龟101	2	#134C74	1
一只黄果果	2	#134C74	1
yuki萌得嘶喵	2	#134C74	1
同担拒傻的卯月-努力存钱	2	#C80023	1
腰痛草莓	1	#EBAD40	1
hayakawamikaratachi	1	#EBAD40	1
芋圆昭芷	2	#134C74	1
最重要当然是健康啦	2	#134C74	1
万里缉私湾	1	#EBAD40	1
NIANYU2560	2	#C80023	1
港城水冰月	2	#C80023	1
大雨倾至	1	#70B999	1
取个网名吧123	2	#C80023	1
团团只是小团喵	1	#70B999	1
村口玩泥巴	1	#70B999	1
一乗寺愛羅武勇	2	#C80023	1
先赚了再说	1	#C30078	1
-载水千山-	2	#C80023	1
水仙花吃披萨边吗	1	#C30078	1
胖胖的某布丁	1	#C30078	1
多喝水哇b_d	1	#70B999	1
我不在线头	1	#C30078	1
美年味的葡萄达	1	#70B999	1
今天运动减肥了吗5	1	#70B999	1
春困秋乏夏打盹的乐师	1	#70B999	1
小狗批发市场	1	#EBAD40	1
成功人士SUCCESS	1	#C30078	1
黑黑的鸟儿	1	#C30078	1
马鹿子子子	1	#C30078	1
在百花深处愛你	1	#EBAD40	1
Slim__	2	#C80023	1
沉默的fighting君	1	#C30078	1
无糖可以	2	#C80023	1
噗通噗通两声响	1	#C30078	1
Leotongfei爸	2	#C80023	1
_夜行列車	2	#134C74	1
糖葱馒头尼糯米	2	#C80023	1
小贱是只猪	1	#EBAD40	1
土豆吃厚的	1	#C30078	1
你游最弱以藏厨per	1	#70B999	1
宣城太守知不知x	2	#C80023	1
布加拉提拉米苏	1	#C30078	1
Gerizim_	2	#C80023	1
一只栗子喵喵喵	1	#EBAD40	1
隔壁在逃老王	1	#EBAD40	1
唯_Daydream	2	#C80023	1
一抹茶烟透碧砂灬	2	#134C74	1
bblinkblink	1	#70B999	1
MrOJOyN_	2	#C80023	1
Schadenfreude1813	1	#EBAD40	1
团圆美满今朝最	1	#70B999	1
monelle	2	#C80023	1
MoveUpJustDoIt	1	#EBAD40	1
小熊爱吃小熊饼	1	#EBAD40	1
leehsin	1	#C30078	1
没才华的写诗人	1	#EBAD40	1
-无性向病患-	1	#C30078	1
加诺·兰·丝丝	1	#EBAD40	1
我會看看再亂說話	1	#C30078	1
浅蓝传说	2	#C80023	1
阿苒-Ran	1	#C30078	1
朝云叶四	1	#70B999	1
老子最酷889	1	#70B999	1
浠妙祝各位寻得所爱	2	#C80023	1
Bobby唐夕荣	2	#C80023	1
瓜皮瓜皮瓜瓜皮皮	2	#C80023	1
千年傻瓜Young	2	#C80023	1
分殷礼器	1	#70B999	1
滚烫博美	1	#70B999	1
Anlinan-	1	#70B999	1
qukeck	1	#C30078	1
Cobalt_bluu	1	#C30078	1
有钱Hazel	1	#70B999	1
三十岁的林老阿姨	2	#C80023	1
阿cici	2	#C80023	1
汉堡蛋挞鸡块圣代	1	#EBAD40	1
昱星_糖	1	#C30078	1
冷雪晴	2	#C80023	1
小何水刘悦龙门	2	#C80023	1
月朗天门Diamond	1	#70B999	1
大仙儿要努力修行	2	#C80023	1
野良猫子	1	#70B999	1
话不成书	1	#70B999	1
顾培欣	1	#EBAD40	1
槛牢中的满月	1	#C30078	1
牵牛妈	2	#134C74	1
爆浆臭豆腐	2	#C80023	1
__-VV-__	1	#70B999	1
用户koemk7n4so	1	#70B999	1
抱紧自己的嘎嘎嘎洛宛	2	#C80023	1
广东小栗子	2	#C80023	1
33de99	2	#C80023	1
烤鸭要烤七分熟	1	#EBAD40	1
二蛋xxxXD	2	#C80023	1
泡鲁达21	1	#C30078	1
超厉害的小企鹅	1	#EBAD40	1
这是一个不晓得改啥名的功能博	1	#EBAD40	1
不要着灯能否先让我摸黑闷一棍	2	#134C74	1
Ladysopunk	2	#C80023	1
lilianne	2	#C80023	1
我等下就起床	1	#EBAD40	1
nwsuafli	1	#70B999	1
林笑笑1106	2	#134C74	1
昏妮小可爱	1	#C30078	1
金朝--	1	#EBAD40	1
胶佬WJ	2	#C80023	1
幻幻跑来拢一拢	2	#C80023	1
啊鼠---懒癌爆发中	2	#C80023	1
普通一只狗	1	#70B999	1
小狗日记OvO_oooo	1	#EBAD40	1
小欣爱小白	2	#C80023	1
天上有个茕茕哇	2	#C80023	1
保护好自己的那颗糖	2	#C80023	1
ennkouunn77	2	#C80023	1
小猫咪的魔法遗书	1	#EBAD40	1
Kithwith	2	#C80023	1
一躺不起摸鱼人	1	#C30078	1
蘑菇殿下_药药君	2	#134C74	1
用这个号关注垃圾号的是某浪	2	#134C74	1
去人少的海边吹风	1	#70B999	1
RX-78-5	1	#EBAD40	1
一声啼鴂76772	1	#70B999	1
万俟乖是莫奇怪吖	2	#C80023	1
-酒唯-	1	#70B999	1
土豆的叶子何时开花	2	#C80023	1
W_W怼怼	1	#70B999	1
愿此生终抵群星	2	#C80023	1
甜崽崽kay	1	#EBAD40	1
sp修勾冈崎契办案闲人勿扰	1	#C30078	1
歐楓子_Agora	2	#134C74	1
半块滑板	2	#C80023	1
樱桃小劉同学	2	#C80023	1
湖蓝火焰	2	#134C74	1
奈奈梳_Summer	2	#C80023	1
听风举火z	1	#70B999	1
瑾煜之	1	#EBAD40	1
银西鱼干汤	1	#C30078	1
熊猫摇尾巴	1	#70B999	1
何大安要努力	2	#C80023	1
纯k歌姬宫内盖盖子	2	#C80023	1
寒上自嘲	1	#70B999	1
迷sasa	2	#C80023	1
头-退坑版	2	#134C74	1
thepupilsofarlecchino	1	#70B999	1
翻滚红豆	1	#70B999	1
lucia心心念念我本命	1	#EBAD40	1
猫大金生存战略中	2	#C80023	1
绯星_红星战队	2	#134C74	1
雪魔法饭他鸡	1	#EBAD40	1
微笑yum6509385786	1	#70B999	1
ssdxye	1	#EBAD40	1
胡歌笑	1	#EBAD40	1
苓溪1999	1	#EBAD40	1
孤独的守夜者-	2	#C80023	1
Kana是猪仙女耶	1	#70B999	1
-楼道-	1	#C30078	1
高手GPT	2	#C80023	1
嘛也亓	1	#70B999	1
AAA北美橱柜杰哥	1	#C30078	1
流水轻浮灯	1	#70B999	1
王小亚	2	#C80023	1
南风目击者	1	#70B999	1
说啥都好啦啦啦	1	#70B999	1
_橘曦	1	#C30078	1
未央千年听雨眠	1	#EBAD40	1
一大杯冰冻丧茶茶	1	#C30078	1
魔法少年Reisi	2	#C80023	1
千叶_不知不觉一堆墙头	2	#C80023	1
格格满世界是酸甜苦辣咸	1	#EBAD40	1
何許人吔	2	#C80023	1
薄荷茶叶狼	1	#EBAD40	1
今天南派三叔填坑了吗	1	#EBAD40	1
踏尋銀河	2	#C80023	1
taikc	1	#70B999	1
摇钱树苗2010	1	#EBAD40	1
静观朝槿Jennifer	2	#C80023	1
HENRIKHOLMSS	1	#C30078	1
peachyny	1	#EBAD40	1
gray_may黑化版	2	#C80023	1
卓眼de夏娜	2	#C80023	1
多啦A萌的	1	#EBAD40	1
等一个莉莉	1	#C30078	1
是疯一样的女子	1	#C30078	1
少年不打小电话	1	#EBAD40	1
genjimomo	1	#EBAD40	1
完形崩壞_没主意不抗事	1	#C30078	1
樾下春笙	2	#134C74	1
Abudee	2	#134C74	1
青蛙3_3卷毛狒狒	2	#C80023	1
中途半端二宫小饼	2	#134C74	1
想说的就是不要发出任何声音	1	#70B999	1
裳裳华	1	#70B999	1
咖喱鹿角包	1	#70B999	1
可是我墙头实在太多了	1	#EBAD40	1
黑夜利亚	2	#C80023	1
倒斗神瓶	2	#C80023	1
说不清ccc	1	#EBAD40	1
都市修仙之幻肢矫健	1	#70B999	1
燕燕于飞如约至	1	#EBAD40	1
快意千秋_NB的我掐会腰	1	#70B999	1
JJCZLDH	1	#C30078	1
自由做梦ing	1	#70B999	1
没钱喝白开水	1	#70B999	1
想要快乐的小yuki	1	#EBAD40	1
车厘不能吃	1	#70B999	1
抹茶芭咖	2	#C80023	1
月-球-人	1	#C30078	1
很多热心网友表示	1	#70B999	1
Calbeecola	1	#EBAD40	1
野生亚洲象	1	#EBAD40	1
601素文	2	#C80023	1
水麦麦麦麦高芬	2	#C80023	1
希达尔多多	1	#70B999	1
柔弱无助张屠户	2	#C80023	1
呱斯密碼	2	#C80023	1
妥啦燊公子	1	#EBAD40	1
柠茶泡面	1	#EBAD40	1
晗暑佳ouo	2	#C80023	1
喜欢在火车上看书	1	#EBAD40	1
你说白菜会不会飞	1	#C30078	1
再祝这个号长命百岁	1	#EBAD40	1
堆堆说的都对	1	#70B999	1
醉醉醉醉漂漂漂漂	2	#C80023	1
怃舞无	1	#EBAD40	1
超新星--爆炸	2	#134C74	1
有村乃亚太太	1	#C30078	1
是傻噜呀	2	#134C74	1
香奈08	1	#EBAD40	1
风扇太冷要加冰	1	#C30078	1
天色很暗2024	1	#70B999	1
PurplePeopleEater	2	#C80023	1
阿叶想吃寿喜锅	1	#70B999	1
气泡水薄荷加硒	1	#C30078	1
这么可爱一定是男孩纸_	1	#EBAD40	1
混沌骑士王三海_S	2	#C80023	1
蛮蛮蛮吉大人	1	#C30078	1
汤荷小甜豆	1	#EBAD40	1
JohnHayward	1	#70B999	1
乐活女王Lohas	2	#C80023	1
包子7958	1	#C30078	1
Owl枭言	1	#EBAD40	1
Si楠2010	1	#EBAD40	1
小枫_Ybx	1	#70B999	1
好焦一条鱼	1	#EBAD40	1
赠你一颗子弹	1	#C30078	1
真理tt	2	#C80023	1
ntc少年天地李小营	1	#C30078	1
酉水商都汤唯	1	#70B999	1
黑执事我的本命	1	#70B999	1
葉桜·	2	#C80023	1
白芨	2	#134C74	1
跑火车的NINOMI	2	#C80023	1
闪SKXung	2	#C80023	1
Xian省略号	1	#EBAD40	1
吉本炎上	2	#C80023	1
玛莉子的日常生活	2	#134C74	1
AubeduReve	2	#134C74	1
幼稚园小甜橘	1	#70B999	1
寒风驭水泥	1	#EBAD40	1
咖啡因过敏_zz	1	#70B999	1
一罐白酱	2	#C80023	1
夏日海豚66	2	#C80023	1
别喊我卷卷嗷	1	#70B999	1
-米斯蒂娅_萝蕾拉-	2	#C80023	1
木芽星空	1	#70B999	1
急速乐章V2	1	#70B999	1
优悠佑莜_	1	#70B999	1
marchitar_	1	#70B999	1
松卿不是轻松	1	#70B999	1
遗过客尔	1	#70B999	1
formsweetform	2	#C80023	1
有可能相交的平行线	2	#C80023	1
Binic_Kong	1	#EBAD40	1
曦玥Angelica	2	#C80023	1
人中Killer	1	#C30078	1
阿卢A	1	#EBAD40	1
灰姐的狗30斤	1	#C30078	1
哈栗卤鸭	2	#C80023	1
goldenmooncaptw	1	#EBAD40	1
蓬松咩咩吐司	1	#70B999	1
或淵在躍酒肆	1	#EBAD40	1
Tara_999	1	#70B999	1
光_怪陆_离	1	#C30078	1
噗哩Q娃厨	1	#C30078	1
誰聽你講廢話	1	#EBAD40	1
Cassini_ofS	1	#70B999	1
今天绝对不会被雨淋	1	#70B999	1
武装的萨摩耶	2	#134C74	1
炭烧鱼楠	2	#134C74	1
GalloptoLumen	2	#C80023	1
苏恬恬小可爱	1	#EBAD40	1
吃货蝎要穿毛裤	2	#C80023	1
ego_eimi爱狗爱咪	1	#70B999	1
黄金芒果超绝肌肉线条	1	#C30078	1
-羚羊儿-	2	#C80023	1
赤羽99	2	#C80023	1
点击看社畜发疯	1	#C30078	1
浅到深处自然黑	2	#C80023	1
饼干奶茶少冰换青观音茶底谢谢	2	#C80023	1
lnmlmm璞	1	#C30078	1
莲子红豆双皮奶	2	#C80023	1
天恋玉	2	#C80023	1
宅_dandan	1	#EBAD40	1
无边桃炎	2	#C80023	1
枯藤老树昏呀	1	#70B999	1
立志成为拖延制裁者	1	#C30078	1
賁子戌	1	#EBAD40	1
岛瘾	1	#EBAD40	1
大豆钭江明	3	#134C74	1
不爱想的源子	2	#134C74	1
关爱巴熊外貌_炫	2	#134C74	1
得瑟完以后得嘚啵嘚啵	2	#C80023	1
兔_梓_其实有个英文名叫Azusa	2	#C80023	1
南言凌啊	1	#EBAD40	1
爱睡午觉的企鹅	2	#C80023	1
鹭游水	1	#EBAD40	1
要运动的谢yz	1	#EBAD40	1
科仔-清晨-阿黄	1	#EBAD40	1
催眠曲半岛	1	#70B999	1
南宫天天心塞塞	1	#EBAD40	1
ecopation	1	#EBAD40	1
式波_明日香	1	#EBAD40	1
念是博大精深的	1	#70B999	1
想到冰岛去	1	#C30078	1
biubiubiumiko	1	#70B999	1
蛋蛋de自留地	2	#C80023	1
歪方Affirmation	1	#EBAD40	1
vcandou	1	#C30078	1
WM果糖痴迷-ZWZ	2	#C80023	1
溪风ora	2	#C80023	1
GehirnZ	1	#EBAD40	1
黑貓的亡靈_血	2	#C80023	1
作孽阿画画	1	#C30078	1
想不出来为什么不可用	1	#EBAD40	1
啊喵啊喵啊	2	#C80023	1
脆鼠饼子	1	#EBAD40	1
很爱摸	1	#70B999	1
沐昱酱	2	#C80023	1
居狸狸哩	2	#C80023	1
多巴胺不咋多	1	#EBAD40	1
天上小团月er	1	#70B999	1
-kari-	2	#C80023	1
番茄酱拜托远离我	1	#C30078	1
长亭日暮	1	#C30078	1
Mooo波波莎re	2	#C80023	1
灵幻相谈所小酒窝	1	#EBAD40	1
漫无目的漫漫	2	#C80023	1
心情好才是真滴好	1	#C30078	1
大海_胖	1	#70B999	1
_viii	1	#C30078	1
ing嘤	1	#EBAD40	1
可爱猫咪小绒绒	2	#C80023	1
伊丽莎白欧霹扣	2	#C80023	1
鱼子酱是坑神XD-26	2	#C80023	1
bleuwy	1	#EBAD40	1
啊喔噢哦O	1	#EBAD40	1
天天向上的和舒	1	#EBAD40	1
路过的普通热血男儿流星	2	#C80023	1
诺不	2	#134C74	1
strive-to-be-alive	1	#EBAD40	1
Zoe一片云	1	#EBAD40	1
肥肉讓冬菇	1	#70B999	1
向人生导师学	1	#EBAD40	1
LENBQ	1	#70B999	1
折木奉太郎厨	2	#C80023	1
一只蟹簧包	2	#C80023	1
凰老汉	2	#134C74	1
肚肚不由人	1	#70B999	1
谁能给我起个名字19	1	#70B999	1
小蒸不正	1	#70B999	1
坑爹月	1	#EBAD40	1
你的ssp-405	1	#70B999	1
小王积极心态拒绝摆烂	1	#EBAD40	1
天光久黄昏	2	#134C74	1
斎藤千和	1	#70B999	1
这些岁月-有你很幸福	1	#70B999	1
御平子	2	#C80023	1
没有耳朵猫咪灬	1	#70B999	1
七弦淡然	2	#134C74	1
空心风冷	1	#C30078	1
熊猫牌牛奶	2	#C80023	1
kicel_	2	#C80023	1
烧瓶斯基Flasky	2	#134C74	1
屋顶上的猫sir	1	#70B999	1
uu小周	2	#C80023	1
Mr不靠谱_	1	#70B999	1
Namii	1	#C30078	1
不zuo的ph-4	2	#C80023	1
风泉琳	1	#EBAD40	1
VA极端好行情	1	#C30078	1
紫本本汲取欧气中	1	#EBAD40	1
叶子_Official_	2	#134C74	1
ILSELEVEN	2	#C80023	1
并且向你丢了一颗大师级米	2	#C80023	1
毛以子豆	1	#C30078	1
叫我姐姐大人	1	#70B999	1
晋江凌霖子	2	#C80023	1
资源小铺	1	#70B999	1
好没意思诶	1	#C30078	1
森林盐汽水	2	#C80023	1
落花亦微凉	1	#EBAD40	1
iLoonng	1	#C30078	1
堆芯熔毁A	1	#70B999	1
换个什么名字好呢___	1	#C30078	1
古道南风胖了马	1	#70B999	1
偶尔发呆的桃子	1	#70B999	1
obkkszd	1	#EBAD40	1
离城佳人	1	#70B999	1
小怪咖呜啦啦	2	#C80023	1
毛毛沈·	1	#70B999	1
垚垚多金	1	#EBAD40	1
热情快乐面包5	1	#C30078	1
月亮好像迷乐路	1	#C30078	1
用户5583605869	1	#70B999	1
VanillazfV	2	#C80023	1
Blues桦	1	#C30078	1
兰灵灵灵	1	#EBAD40	1
糖炒狸子芝麻狐	2	#C80023	1
电子羊会梦见雪糕	2	#C80023	1
生气橙子	2	#C80023	1
汝何博謇而好修兮	2	#C80023	1
HLL_好运	2	#C80023	1
功德林教务处主任	1	#EBAD40	1
馍馍依依仔	2	#C80023	1
菠萝Serpent	2	#134C74	1
蜘蛛酱来自中土	2	#C80023	1
恋爱和你都很甜	1	#EBAD40	1
开心威是源弟弟	2	#C80023	1
隔壁老大叶	1	#70B999	1
那年二九	1	#C30078	1
Scmagkianrlworepanhg7654984321	1	#70B999	1
橙青璃	1	#EBAD40	1
炽焰基基米	2	#C80023	1
Dora_琦	2	#C80023	1
kayi_每天都想睡	1	#70B999	1
代号猫奴1203	1	#C30078	1
鹿上在路上	2	#C80023	1
那位小姐的记录员	1	#70B999	1
Clarence0117	2	#C80023	1
岘皖	1	#70B999	1
一堆peace	1	#70B999	1
初七守夜人	1	#C30078	1
夜朦胧月毛毛	1	#C30078	1
牟某人828	2	#C80023	1
山腰没有妖	1	#70B999	1
康康_TAO	1	#70B999	1
油爆枇杷拌着面114514	1	#70B999	1
十全大补觉	2	#C80023	1
阿轩-z	2	#C80023	1
Mr_Z_乔羽	2	#C80023	1
---睡---	2	#C80023	1
行云流水126	1	#C30078	1
白眼嚣张	1	#70B999	1
Miruru_好运来版	2	#C80023	1
超能小矮子	1	#70B999	1
艾克莱尔	2	#C80023	1
壳壳爱吃凉皮	2	#134C74	1
网络好邻居挞挞	1	#EBAD40	1
没人理我的小号	1	#C30078	1
Tasha_J	2	#C80023	1
来请大家吃西瓜	1	#70B999	1
橘子甜甜猫	1	#EBAD40	1
小脆糕	1	#70B999	1
紫雨冰影	2	#C80023	1
跳伞木豆	1	#C30078	1
用户7404517764	1	#EBAD40	1
鱼让我来摸	2	#C80023	1
橘葉月	1	#70B999	1
Tiralwbirds	1	#70B999	1
莉ly_一年只能改一次后缀啊	2	#C80023	1
Alien-666	1	#EBAD40	1
levin35	2	#134C74	1
喵喵就是猫	2	#134C74	1
十号风球中的红蝴蝶	2	#134C74	1
超绝伦摸摸	2	#C80023	1
窝窝窝家家家	1	#EBAD40	1
老透明儿	2	#134C74	1
JJ宝井晓9JJ	2	#C80023	1
攻里攻气水水酱	2	#C80023	1
y去呼吸新鲜空气	1	#EBAD40	1
芊屈菜不哭	2	#C80023	1
人生像是一场盛大的别离	1	#70B999	1
Small_雨啊	1	#EBAD40	1
Akuya	2	#134C74	1
SweetGoddess甜心女神	1	#C30078	1
ymszing	1	#70B999	1
Poliomapul	1	#EBAD40	1
钓到猫的鱼崽	1	#70B999	1
xxxzxxx1x1	1	#EBAD40	1
仙嘟嘟_魔法侦探烧酒	2	#C80023	1
因因乎_	1	#EBAD40	1
是无情咕	1	#70B999	1
瞬间给你点了个赞	1	#70B999	1
机智的蠢N	2	#134C74	1
Cgy请输入4个字母以上的昵称	1	#EBAD40	1
老天XL	2	#C80023	1
月华冰	2	#C80023	1
真红蔷薇	1	#EBAD40	1
吃香香饭	1	#EBAD40	1
风和月立	1	#70B999	1
希望拥有宝宝般的睡眠	2	#C80023	1
仲夏优酱	1	#C30078	1
甜甜的羊毛	2	#C80023	1
砂锅锅锅锅鍋	2	#C80023	1
拳击时空	2	#C80023	1
白毛的素素素还真	1	#EBAD40	1
叁木同学-TM	2	#C80023	1
衡meow	1	#70B999	1
加藤轩助	1	#70B999	1
百合花的鹿先生	2	#C80023	1
焚心Eternal	1	#70B999	1
今天还想睡好觉	1	#EBAD40	1
墨鱼肉团子	2	#C80023	1
可爱草莓味的居居包	1	#EBAD40	1
彩虹桥东京塔	1	#70B999	1
浅谶-	2	#C80023	1
黑色嘅风	2	#C80023	1
宝玉xp	2	#C80023	1
鹿男和美丽的奈良	2	#C80023	1
叔心的小六子	1	#EBAD40	1
确实的确	1	#70B999	1
螃蟹是永远的大吃货	2	#C80023	1
Heading-North	1	#EBAD40	1
雅子_roll个幸运大成功	2	#C80023	1
沐杉__	1	#70B999	1
甜崽菜多多	1	#C30078	1
竹荫梓	2	#C80023	1
间隙JianX	1	#C30078	1
永远17岁的尼糯米	2	#C80023	1
泰式手打薄荷茶_	1	#EBAD40	1
渣渣渣de废废废狼	1	#C30078	1
狐吉ox	1	#EBAD40	1
抓水母的小少年	2	#C80023	1
Miraclebinie	1	#C30078	1
Yuzuru让	1	#EBAD40	1
水隹木木	1	#70B999	1
S先森的理想	1	#EBAD40	1
谁占了我的锅盔君名额	1	#EBAD40	1
ALISONinWONDERLAND	2	#C80023	1
柿咩AKINA	2	#C80023	1
沪囡	2	#134C74	1
Ranger_軍士	2	#C80023	1
可可天空597	1	#C30078	1
路人ABC-	1	#EBAD40	1
小叶是不熬夜冠军	1	#70B999	1
是藏狐啦	1	#EBAD40	1
小王子的梦里花	1	#C30078	1
井底区垃圾	2	#C80023	1
你最爱的李华	1	#C30078	1
hellobecca	1	#EBAD40	1
良大文	2	#C80023	1
Zero_石川	1	#EBAD40	1
云迭堇	1	#C30078	1
L汪叽-	1	#EBAD40	1
空格君的故事	1	#70B999	1
今日东昌	1	#70B999	1
Pip-pip-Nefelibata	2	#C80023	1
蛋糕不加丝	1	#C30078	1
麦麦脆汁鸡9	1	#70B999	1
顾十贰	2	#C80023	1
刘忧道cecilia	1	#EBAD40	1
kiki酱宝宝_	2	#C80023	1
哦都元素自己	2	#C80023	1
場地圭介	2	#C80023	1
读网思考	2	#134C74	1
Van的旅行	2	#C80023	1
八卜的papa	1	#EBAD40	1
angel安淇儿	2	#C80023	1
今天也要甜甜滴	1	#EBAD40	1
Super-蠍子	2	#C80023	1
谁是哀愁	2	#134C74	1
-冰的觸感-	1	#70B999	1
仿生哈迪斯会梦到电子光吗	1	#EBAD40	1
Qiananas	2	#C80023	1
无所谓晚_	2	#C80023	1
少奶奶别这样少爷快回来了	1	#70B999	1
釜山小猫咪俱乐部	1	#EBAD40	1
萧魂年代	2	#134C74	1
喂鸡敬猴	1	#C30078	1
神医喜来露	2	#C80023	1
开门那时卡住牙	2	#C80023	1
脑花子欠缺的暴龙战士	1	#C30078	1
晴天的Ellie	2	#C80023	1
叙拉古小狼	2	#C80023	1
韩夏辰	2	#C80023	1
坚挺先生_	2	#C80023	1
任絮柒	1	#EBAD40	1
阿斯备鲁	2	#C80023	1
隐月啾	2	#C80023	1
725号小茉莉Molly	2	#C80023	1
猫咕咕猫鸽鸽	1	#70B999	1
哦豁哦豁厉害了	1	#C30078	1
夏本纪DUSA	1	#C30078	1
零五五要天天向上	2	#C80023	1
坠落糖岛	1	#EBAD40	1
恬sweetfish愉	1	#EBAD40	1
工藤DK	1	#EBAD40	1
终不遇子期	2	#C80023	1
真空北十字星	1	#70B999	1
minnnnnnnnim	1	#C30078	1
_孟蜀黍	1	#EBAD40	1
溢声珺	2	#C80023	1
毛栗子君	1	#EBAD40	1
钮扣咖啡厅	1	#70B999	1
做人勒最重要的是开心	1	#EBAD40	1
吉他兔子i	1	#C30078	1
行之郁	1	#EBAD40	1
平生心愿	1	#70B999	1
波斯菊__o	1	#EBAD40	1
想昵称真的让人很头疼欸	1	#C30078	1
星空狂欢	1	#70B999	1
寿司酱要自律	2	#C80023	1
朱丽叶阳台下没有罗密欧	1	#70B999	1
-Turquo-	1	#70B999	1
芥末pose和您	1	#EBAD40	1
凪的味道	1	#EBAD40	1
发光的虾滑	1	#EBAD40	1
勃啊文	2	#134C74	1
慈母守中线hw	1	#EBAD40	1
失落怪人X	1	#EBAD40	1
流星雨刘星啊	1	#EBAD40	1
一块金子在王水里	1	#EBAD40	1
Thanatos_eos	1	#C30078	1
我方存在感极其低下	1	#EBAD40	1
千树万树大鸭梨	2	#C80023	1
镜泽	2	#134C74	1
小岛友纪夫	1	#70B999	1
麻烦给我点钱吧	1	#EBAD40	1
-希波-	1	#EBAD40	1
互联网非著名楽子人	1	#EBAD40	1
Peakors	1	#EBAD40	1
御茶之水	2	#C80023	1
努力翻身中的咸鱼君	1	#70B999	1
脆脆鲨_y	1	#EBAD40	1
puppy冲浪发疯版	1	#70B999	1
宇宙超级无敌卡车大王	2	#C80023	1
JiWoo__	2	#C80023	1
我的美彬航Yu_	2	#C80023	1
栖止馆	2	#C80023	1
JeromeDQ	1	#EBAD40	1
固体废料	1	#EBAD40	1
cSKA997	1	#EBAD40	1
爱护眼睛小助手提醒您	1	#EBAD40	1
白雪椿2017	1	#EBAD40	1
有超多爱和钱der兔几大人	1	#EBAD40	1
每天睡不醒zZ	1	#EBAD40	1
种花家的蓝领兔	1	#70B999	1
我不是巴小兔	2	#134C74	1
団_孔明公主来我迦	2	#C80023	1
航班小彬彬	1	#EBAD40	1
企鹅今天在干什么	1	#C30078	1
幸运茄茄酱	2	#C80023	1
Kukuro_Oo	1	#70B999	1
冰糕纸	1	#EBAD40	1
唉_____--	1	#EBAD40	1
且看花容天下	1	#70B999	1
我吃小草莓丶	1	#EBAD40	1
不加班的七海	1	#EBAD40	1
某某爱吃火锅	1	#EBAD40	1
时间之间的6111208544	1	#70B999	1
蕉蕉睡觉觉z	1	#EBAD40	1
牛奶猫吃布丁	1	#70B999	1
晓小爱微博	2	#134C74	1
彭彭的飘窗	1	#70B999	1
莫西莫西_nancy	1	#EBAD40	1
Fengyi-lll_	1	#EBAD40	1
000GNEM	2	#C80023	1
梅子是个懒话梅	2	#C80023	1
魂归梦剧场	2	#C80023	1
暗冰小牛牛	2	#134C74	1
番薯鱼丸	2	#C80023	1
XiuXiu-Huang	1	#EBAD40	1
chillchill碎碎念	2	#134C74	1
summerRonronner	1	#70B999	1
世界会变更好吗	1	#70B999	1
肥宅的快乐谁能懂	1	#C30078	1
肉包包快跑	2	#C80023	1
好想云无月gu_	1	#C30078	1
花见河童与狗狗	1	#EBAD40	1
许墨家的张小年	2	#C80023	1
吃麦当当的鲨鱼	2	#134C74	1
红宇和捍西	1	#C30078	1
是酷盖也是奶盖吖	2	#C80023	1
阳光彩虹小白马哒	1	#EBAD40	1
drasticly	1	#70B999	1
闹不子	1	#C30078	1
深山野猪头	1	#70B999	1
空想之銀	1	#C30078	1
算了搞就搞吧	1	#EBAD40	1
静酱鸭	1	#C30078	1
月亮珈湾	2	#C80023	1
燄麦	1	#70B999	1
一个没有感情的搬运机器	2	#C80023	1
只愿与你共度直至海枯时	1	#EBAD40	1
angelwei214	2	#C80023	1
ID今日爆款发到你	1	#EBAD40	1
秋露白霜夜未眠	1	#EBAD40	1
旅美丸子	1	#EBAD40	1
面人君	1	#EBAD40	1
空中_小筑	1	#C30078	1
Eli_V	1	#EBAD40	1
聪明机智小透明	1	#70B999	1
佛系经纪人残心	2	#C80023	1
热情大陆犬	1	#70B999	1
求顺心的C	2	#C80023	1
CYULI-eight	2	#C80023	1
拿铁vs卡布奇诺	1	#EBAD40	1
DeliciousDD9	2	#134C74	1
今天也是努力吃胖的一只崽啊	2	#C80023	1
重生之天语归来	1	#C30078	1
pp_2154	2	#C80023	1
取不出来啊zzz	1	#C30078	1
非概率bot	2	#C80023	1
风舞_涟漪	2	#C80023	1
把时间熬成福灵剂	2	#C80023	1
红豆射手	1	#C30078	1
永远喜欢黑贞	1	#70B999	1
136g理想居	1	#EBAD40	1
Simonyi_NUA	2	#C80023	1
心传奇-陈泓希	2	#C80023	1
人生誤導師	2	#C80023	1
早七晚十激情读书人	1	#EBAD40	1
橄橄榄酱	1	#EBAD40	1
哦自横刀向天笑	1	#EBAD40	1
八神_all_hail_nanao	1	#70B999	1
大尾巴猫Mlle_M	2	#C80023	1
猫猫芒	2	#C80023	1
容与生	1	#70B999	1
白晓mayaki	2	#C80023	1
守望那片海1216	2	#134C74	1
shiiii_i	1	#70B999	1
鲤邪邪	2	#134C74	1
Tracy_RP充值期	1	#EBAD40	1
一碗滂臭的螺蛳粉	1	#70B999	1
iam_Bobo	1	#C30078	1
龙猫柒肆	1	#EBAD40	1
christinaa93	1	#EBAD40	1
_沛小沛酱	2	#C80023	1
阿酱BELL	2	#C80023	1
特别恋旧的神经智障患者	2	#C80023	1
川上狗狗	1	#70B999	1
一之绪	2	#C80023	1
西斯那	1	#EBAD40	1
走失人形女仆	2	#C80023	1
雨花石雨	1	#70B999	1
-Kiruer-	2	#C80023	1
芝之Chiichii	2	#C80023	1
Siriusbright小狼	2	#134C74	1
火烤脆皮乳鸽	1	#C30078	1
桑桑不要不开心	1	#EBAD40	1
徐古拉斯_胖	2	#C80023	1
霁喵	2	#C80023	1
刷屏狂魔长工王	2	#C80023	1
yuechih	1	#70B999	1
URARAAA	2	#C80023	1
ShadyCatcat	2	#C80023	1
叹息x	2	#C80023	1
鸢尾花好看叻	1	#C30078	1
马头琴里大草原	1	#EBAD40	1
大丈夫問題no	1	#EBAD40	1
靖默夜月澜	2	#C80023	1
TIFFY23066	1	#C30078	1
王丽华云	1	#C30078	1
z7_zZzZ	1	#EBAD40	1
arthas不流泪	2	#134C74	1
kobetomato	2	#134C74	1
water1cecream	1	#70B999	1
貓爪爪過著每天都要遛狗的生活	2	#C80023	1
_陳迦南	1	#70B999	1
Faye小晗_坐等V离法家再夺WDC	2	#134C74	1
杨叛在2023	2	#C80023	1
白石红鲤Nya	2	#C80023	1
喵花卷子	2	#C80023	1
徳井水皮	2	#C80023	1
swshaxxyijfdkhh	1	#EBAD40	1
一只发发发发发	2	#C80023	1
雨雪彼岸是酒墨	1	#70B999	1
Age18plus	1	#EBAD40	1
今晚不饮酒_	2	#C80023	1
一一Liquor	1	#C30078	1
小三爷一生推	2	#C80023	1
放课后秋叶原纱夜	2	#C80023	1
蟠桃桂栀	2	#C80023	1
咲小晓	2	#C80023	1
-葫芦酱-	2	#C80023	1
风言2010	1	#70B999	1
美妙生活阳光小少年	2	#134C74	1
你给我把裤子穿上	1	#EBAD40	1
面面-从此有了大鲍鲍	2	#134C74	1
心肝情愿阿麻麻	1	#EBAD40	1
是菜狗吗	1	#EBAD40	1
花寿司的臀大肌	1	#EBAD40	1
胸前的小红花儿	1	#C30078	1
·远山微雾·	2	#134C74	1
哆啦哔梦的四次元口袋	2	#C80023	1
谁的初恋呢	1	#70B999	1
Chloe琦琦呀	1	#70B999	1
苹果小狗饲养员	1	#70B999	1
你看今天像不像你昨天说的绝望	1	#70B999	1
kyaerae	1	#C30078	1
陆路筱小曦西	1	#C30078	1
暮语o	2	#C80023	1
銀河鐵漢	2	#C80023	1
IFFYASHESSS	1	#C30078	1
快乐的荣小猫	1	#70B999	1
西红柿号邮轮船长	2	#C80023	1
Paintis	1	#70B999	1
BOBO草莓包	1	#C30078	1
星星是银河写的情书	1	#EBAD40	1
混合de喵娘	2	#C80023	1
尼可拉斯弓长	1	#EBAD40	1
HomerJaySimp	1	#70B999	1
神游AKATSUKINEI	2	#134C74	1
Avancez_阿莫拉	1	#C30078	1
memorysongs随愿	2	#C80023	1
-上邪-	2	#C80023	1
StARgaZer罒u罒	2	#C80023	1
波咕波咕	2	#C80023	1
查无此香菇	2	#C80023	1
chenlandy	2	#C80023	1
猫草花兰	1	#EBAD40	1
Fennel_RO	1	#EBAD40	1
MISS_GOLDEN本人的微博	2	#C80023	1
黑长直赛高	2	#C80023	1
本半仙想要发大财搂大风	2	#C80023	1
slsywda	1	#C30078	1
洋葱嘉嘉嘉嘉	2	#C80023	1
cheerseastear	1	#EBAD40	1
不安呐	1	#70B999	1
sakumo-	2	#C80023	1
SUJUwithELF	2	#C80023	1
抄手的妈妈	1	#70B999	1
SImon铁锋	1	#EBAD40	1
谁叫小海王八	1	#EBAD40	1
韩小汐0113	1	#EBAD40	1
零下_你的笑容绚烂了整个世界	1	#EBAD40	1
吃一口葡萄布丁	1	#70B999	1
Yami鸭米	1	#C30078	1
wa-ring__坑是用來掉的	2	#C80023	1
耀眼的光666	1	#EBAD40	1
浅深山色高低树	1	#70B999	1
Pathenger	1	#70B999	1
五星鏈君_明糸替身梗打咩打咩	2	#134C74	1
原味松饼反应堆	2	#134C74	1
恭喜我发财哈	1	#70B999	1
是白儿呀呀	1	#EBAD40	1
M_Limerance	1	#70B999	1
奶茶_啵	2	#C80023	1
骁勇善战VV	1	#C30078	1
今天成长了吗_热爱怂	2	#C80023	1
长江-渔村	1	#70B999	1
夏可云_	1	#EBAD40	1
螃小螃	2	#C80023	1
kurarpika	2	#C80023	1
CoColuckymind	1	#70B999	1
延陵小吴	1	#C30078	1
陌温弦	1	#C30078	1
世忧mio	1	#C30078	1
糖炒栗风	2	#C80023	1
李和梨	1	#C30078	1
霸天老大爷	1	#70B999	1
Batwhere_卡嗓子喉宝	2	#134C74	1
时雨gp03	1	#EBAD40	1
Shizuku-雫-	2	#C80023	1
鱼的泡沫人生	2	#134C74	1
擺爛才是目標	2	#C80023	1
灰桃阿拉	1	#EBAD40	1
颍川王	2	#C80023	1
西西八三	1	#EBAD40	1
幼儿园恰饭第一名	2	#134C74	1
晚睡是改不掉的	1	#EBAD40	1
甜薯浑身毛绒绒	1	#EBAD40	1
小芝麻莫夭夭	2	#C80023	1
C小缪就是Cory	2	#C80023	1
奶味儿的甜橘糖	2	#C80023	1
果体有什麼不对	2	#C80023	1
某P也叫阿秋君_敗北的少年	2	#C80023	1
皮卡丘-BoA-特困户只想八点起床	2	#C80023	1
哈鹿波特	2	#C80023	1
机敏桃内客	1	#C30078	1
susu一直在路上	2	#C80023	1
干了这杯冰阔落噶	1	#70B999	1
寄浪漫予淇	1	#C30078	1
搬砖G	1	#C30078	1
佳佳减减啦	1	#EBAD40	1
容景先生ll	1	#EBAD40	1
星野末厘Mori	2	#C80023	1
鱼载仔	1	#EBAD40	1
我惹了世界又如何	2	#C80023	1
sol_z	2	#134C74	1
一个绝-望的文-盲	1	#70B999	1
双料面茶鸡蛋袋儿	1	#70B999	1
蛋挞和毛毛虫	1	#70B999	1
Nico-JAE	2	#C80023	1
fanny不想打工了	1	#70B999	1
休息室休息	1	#EBAD40	1
二玄努力赚钱中	2	#C80023	1
Silver_翅膀	1	#EBAD40	1
鳄鱼狗勾	2	#C80023	1
lusefulu	2	#C80023	1
思璐文迪亚	1	#EBAD40	1
奇迹乌贼	1	#EBAD40	1
小铃铛-1224	2	#134C74	1
TiCaHhAcIt	2	#134C74	1
SX_Alice洋洋	2	#C80023	1
渔渔渔ibun	2	#134C74	1
戴戴的竹蜻蜓	2	#C80023	1
会飞的小烤鸭	1	#70B999	1
岑莲泽	1	#70B999	1
芥舟粥粥	2	#C80023	1
麦田六神	1	#C30078	1
爱最重要-澳洲直邮版	2	#C80023	1
希望被瓜喂养的猹	1	#C30078	1
给加油加加油	1	#EBAD40	1
TSKnoAya_Live2D	2	#C80023	1
用户1691460187	1	#C30078	1
凡茗上去就是秒	1	#70B999	1
海胆章鱼丸	1	#EBAD40	1
Hijklmnopq_st__wxyz	1	#70B999	1
阿蕉阿蕉阿蕉	1	#EBAD40	1
杰哥我是你的小星星	2	#C80023	1
是新不是心是蕊不是蕾啊喂	2	#C80023	1
寻青森	1	#70B999	1
修炼智慧ya	1	#C30078	1
羽中_游戏控	2	#C80023	1
亀的小尾巴巴巴巴_23	1	#EBAD40	1
想当石头的鱼	1	#70B999	1
DAclover16	1	#C30078	1
杯状的叶绿体	2	#C80023	1
-湮湮向晚-	2	#134C74	1
d由倢	1	#70B999	1
绅士型Rider	2	#C80023	1
万物没有理论	1	#70B999	1
云色渡河秋y	1	#70B999	1
_在下酥了_	2	#C80023	1
忽如远行客orz	1	#EBAD40	1
野生337	2	#C80023	1
迪宋陈浩	2	#C80023	1
Felicity鹿北	2	#134C74	1
买到显卡了	2	#C80023	1
想吃麻辣小龙虾的柠檬派	2	#C80023	1
天下醉侠剑	1	#70B999	1
是瓦尼啊	1	#70B999	1
紧急换名	1	#EBAD40	1
梦见妖精	2	#C80023	1
弥色之影	1	#EBAD40	1
E一橙子	1	#C30078	1
叽无力	2	#134C74	1
红色的监狱兔	1	#EBAD40	1
brrrrico	1	#EBAD40	1
落小篁	2	#C80023	1
Robert不喝热水	2	#C80023	1
Lyon_鸦	1	#70B999	1
liiii里	1	#C30078	1
于是我被诗折叠	1	#70B999	1
叶子饲养明喵中	2	#C80023	1
小雨的羽翼w	2	#C80023	1
哈喽楊建龙	2	#C80023	1
喜欢喵呜的喵喵	1	#C30078	1
一拳椰子	1	#70B999	1
好运豆皮	2	#C80023	1
安里个安呀糕里个糕	2	#134C74	1
yoouhappyyy	1	#70B999	1
倥侗寺纯爱战神	1	#70B999	1
数学-羊羊老师	1	#70B999	1
下雨天的狗狗君	2	#C80023	1
实则不堪一击	1	#C30078	1
_Ke--	1	#EBAD40	1
百川_91318	1	#EBAD40	1
基友山上有腐女	2	#C80023	1
司青鸢	2	#C80023	1
律酱好天真啊	1	#70B999	1
早饭中饭和晚饭	1	#70B999	1
阿墨-永远是十八年窖藏特级傻汪	2	#C80023	1
RO0OLii-	2	#C80023	1
无限叛逆的祥龍龘龘	2	#C80023	1
万浅藤-家有一球	2	#C80023	1
专有之处	1	#70B999	1
拒绝慢调	1	#70B999	1
西瓜一次吃两牙	1	#70B999	1
三千清静	2	#C80023	1
Suika_夏虫语冰	1	#EBAD40	1
icn-blwn	2	#134C74	1
勇者变魅魔后的快乐人生	1	#70B999	1
乔西撒	1	#C30078	1
其乐融融的野家	1	#70B999	1
RZ030	2	#C80023	1
二八石榴不太甜	1	#EBAD40	1
Sssssung_	2	#C80023	1
Faitesleplein	1	#EBAD40	1
小敌鸽	2	#C80023	1
进击的足球小将	2	#C80023	1
不放的尾巴	2	#134C74	1
芒果草莓香蕉片	1	#C30078	1
桃子味汽水和你更配	1	#70B999	1
墨斗鱼的地盘2011W良家族	2	#C80023	1
水母爱摄影	1	#EBAD40	1
牟爽	2	#134C74	1
胖哒哒虎先森	1	#70B999	1
甜柠檬··	1	#C30078	1
远星社野外勘探队矿物猎人	2	#C80023	1
怀山远	1	#70B999	1
RenjoKaku	2	#C80023	1
胡子少女的美梦	1	#C30078	1
读作TT写作Toki	2	#134C74	1
陪拢龙吃火锅的阿炸-	1	#70B999	1
平地扭摔预防中	1	#EBAD40	1
bbbykw_	1	#70B999	1
KaGaMi加賀美	1	#C30078	1
Gumiroia	1	#70B999	1
树下鲤	2	#C80023	1
大爷是神级人物	1	#70B999	1
有喜欢的ren	1	#70B999	1
知时小满	2	#C80023	1
锦瑟初白	1	#70B999	1
一杯谬可	2	#134C74	1
恋物Miu	2	#C80023	1
饭饭_寝不足	2	#C80023	1
惯用理智的矫情	1	#EBAD40	1
一只羊羊羊先生	2	#C80023	1
YseraShineLikeSaKura	1	#EBAD40	1
西红亖	1	#C30078	1
金碳爹地	1	#70B999	1
西禾秝	2	#C80023	1
巫泽WZ	2	#C80023	1
BABYSHUKLE	2	#C80023	1
加浓续杯	1	#70B999	1
玄衣11	2	#C80023	1
风风风_风子	2	#C80023	1
綿綿十一斤x	1	#EBAD40	1
泥嚎你四什么愣	2	#C80023	1
Sayukikiki_	2	#C80023	1
地球online地狱模式玩家	1	#70B999	1
MaGabriel	2	#C80023	1
落潇微林	2	#C80023	1
EX涂层饼干棍	1	#EBAD40	1
今天晚上吃啥啊_	1	#EBAD40	1
_仙人掌投下猪的影子	1	#EBAD40	1
Aprilmpdaanhm	2	#C80023	1
雄风djjdjj	1	#EBAD40	1
珍奇和云宝	1	#EBAD40	1
随雨風落	2	#C80023	1
吵一架不吵架	2	#134C74	1
我说想吃猕猴桃	1	#C30078	1
小猪饼干屋	2	#C80023	1
西枝枝枝枝	1	#EBAD40	1
琳琳87392	1	#70B999	1
清葱少许	1	#C30078	1
不要喝牛奶了	1	#C30078	1
七濑未央	2	#C80023	1
猫沢_不眠症	1	#C30078	1
凌柒Koriki	2	#134C74	1
Xerxes·VII·Frio	2	#C80023	1
Yourtimezonestory	1	#70B999	1
青瓷碗里的米呀	2	#134C74	1
陈长醉	2	#C80023	1
涵与普鲁士蓝	1	#C30078	1
Huujia_大号被夹	1	#C30078	1
万年小透明马修	1	#EBAD40	1
宫琳琅	1	#C30078	1
拥离人_	1	#EBAD40	1
Triangle2610	1	#EBAD40	1
旎雨霏霏	1	#C30078	1
全都是狐狸	2	#C80023	1
今天还图债了吗	1	#C30078	1
开心8521	1	#EBAD40	1
Jacksonmama	1	#EBAD40	1
萍踪法影66	1	#EBAD40	1
再来一个麻辣香锅堡	1	#70B999	1
-徐悟空	2	#C80023	1
E伊伊伊伊伊eeeee	2	#134C74	1
蓝色那只猫	1	#EBAD40	1
雪剑霏花	2	#C80023	1
TakoHouse的飘飘子	2	#134C74	1
星降_star	2	#134C74	1
小狗要冬眠了	2	#C80023	1
的无法_S	1	#70B999	1
闲秋宵	1	#EBAD40	1
北野喝可乐要加冰	1	#C30078	1
爱喝红茶的谷利成和	2	#C80023	1
一个人的发布台	1	#EBAD40	1
冷漠无情转型升级	1	#C30078	1
羞涩的红色面包	1	#C30078	1
苍水铃	1	#C30078	1
Never-KnowsBest	1	#C30078	1
别人生气我不气嗷	2	#C80023	1
莜莜莜橘	2	#C80023	1
评论罗伯特_吐槽星人版	1	#70B999	1
吴邪的储物柜	1	#EBAD40	1
Lxd_晓东	1	#EBAD40	1
五渣爪	2	#C80023	1
夏夜晚诗	1	#70B999	1
一只鲍宝	1	#70B999	1
莉莉栗栗栗	1	#70B999	1
浑身插刀的夜语煌	2	#134C74	1
猫熊控	1	#C30078	1
Eric_Huang_921R	2	#134C74	1
萧墨然	2	#C80023	1
东莞得闲喝茶	2	#134C74	1
only_Possibilities	1	#70B999	1
芊儿	2	#C80023	1
不吃素的苏	1	#70B999	1
Akira_000	1	#C30078	1
子墨卿鸴	2	#C80023	1
赫say_肥是壮大海	2	#134C74	1
riverbrother0715	1	#70B999	1
Miluy__	1	#C30078	1
bibbleuuu	1	#C30078	1
哈amazing	1	#EBAD40	1
简芝了哈哈哈	1	#70B999	1
朱日和103	1	#70B999	1
奶茶土豆子	2	#C80023	1
可瀛bdrs	1	#EBAD40	1
墨痕残笺_LLAP	2	#C80023	1
记得没事多看书	1	#EBAD40	1
_小昳0901	1	#C30078	1
静0思0悟	1	#70B999	1
大李姐姐哈	1	#C30078	1
十乂	1	#EBAD40	1
今天也是雾蒙蒙的	1	#EBAD40	1
三点几啦饮茶先啦做咁多都冇用嘅	2	#134C74	1
品如茹茹_	2	#134C74	1
白啾_	1	#EBAD40	1
草莓味的儿砸	2	#C80023	1
哈吉米修勾	1	#C30078	1
顺毛RICH桃儿	1	#EBAD40	1
请让我多休息会	2	#134C74	1
粉色盐水的梦女_	2	#134C74	1
JJ家的妞_十个勤天	2	#C80023	1
暴走青年爱克斯	1	#EBAD40	1
司徒喵-半醉半醒半浮生	2	#C80023	1
ProSummerCi	2	#C80023	1
黑鸫Nanaya	2	#C80023	1
不做脆皮老太	1	#C30078	1
不想内耗了	1	#70B999	1
人不变态枉少女	2	#C80023	1
moontwinkler	1	#EBAD40	1
恒宾宾不太热	2	#C80023	1
漫步的人z	1	#C30078	1
清烛不是大德鲁伊	2	#C80023	1
西·如恩·提亚	2	#C80023	1
白日梦行为艺术传承人	2	#C80023	1
今天也是坏脾气	2	#C80023	1
核能装甲熊	2	#C80023	1
用户2951598091	1	#C30078	1
ayakiiii	2	#134C74	1
A_Ishi	1	#70B999	1
LF-FF017	1	#EBAD40	1
机动柱子	1	#EBAD40	1
Nhntnj_m	1	#EBAD40	1
RosaReah_蕾婭	2	#C80023	1
大葱April	1	#70B999	1
辛顺顺_	2	#C80023	1
陈信宏的女人搞拔杯SD版	2	#C80023	1
vonsssssmevoyaz	1	#70B999	1
蠢莫言	2	#C80023	1
yuanzhiyao_99484	1	#70B999	1
天气明天	1	#70B999	1
Coney兔毛	2	#C80023	1
铅笔丶蚊蚊蚊	2	#134C74	1
年糕_	1	#C30078	1
YOUNGKING417	1	#70B999	1
BockX	2	#C80023	1
蝉鸣树不深	1	#EBAD40	1
枕鳞	1	#70B999	1
宜野座系数over600	2	#C80023	1
一只小蜜蜂找到的洋	2	#C80023	1
鸠羽千夜82	2	#134C74	1
__銅板轉動	2	#C80023	1
元气龙龙优格	2	#C80023	1
松润想二妞了	2	#C80023	1
吃炸鸡乱哄哄	1	#C30078	1
新年一起搞钱吧	1	#EBAD40	1
深渊神瑛侍者	1	#EBAD40	1
Aurora_123-	1	#70B999	1
臭豆腐大微博	2	#134C74	1
snowboard小番薯	2	#C80023	1
楚风沪雨	2	#134C74	1
白纸敲个章	1	#70B999	1
虞小屏	2	#C80023	1
听得野莺啼	1	#70B999	1
珍稀物种维沃沃二号机	1	#EBAD40	1
全网最佛吹崽小号	1	#70B999	1
骏吉同学	1	#EBAD40	1
宫野深汐	1	#70B999	1
3号铁	1	#EBAD40	1
小城大新	2	#C80023	1
Fifa_非法	2	#C80023	1
水水糖要努力营业	2	#C80023	1
我是洁胖慷慨激昂	2	#C80023	1
amz赛高_twt	1	#EBAD40	1
然__然	2	#134C74	1
elithestar	1	#70B999	1
--Coin--	2	#C80023	1
_顾墨_	2	#C80023	1
老探老探	2	#134C74	1
庆云涟漪	2	#C80023	1
擬態常夜燈	1	#EBAD40	1
a就是乱码	1	#EBAD40	1
二小白i	1	#70B999	1
隔壁卖咸鱼的__	1	#C30078	1
恩勒个恩_	2	#134C74	1
A_AKI_	1	#EBAD40	1
美美今儿喝多肉葡萄了么	1	#EBAD40	1
宅茗	2	#C80023	1
淅沥沥的小雨在心里哗啦啦地下	1	#70B999	1
金角巨兽吸氪金粉	2	#C80023	1
柴贰爷	1	#70B999	1
糟糕被卡住了	1	#EBAD40	1
哲学绅士彗星桑	2	#C80023	1
Wei-躺平摸鱼ing	2	#C80023	1
小柠檬顾若曦	1	#70B999	1
治愈系-夏目友人帐	2	#C80023	1
今年夏天见面了吗-	2	#134C74	1
Daisy_阿默	2	#C80023	1
mana媽媽	1	#70B999	1
rum不加酒心巧克力	1	#EBAD40	1
春游x	1	#70B999	1
翻车鱼sora	2	#C80023	1
沉溺23333	1	#70B999	1
巨型咪科动物最近没有盐	1	#EBAD40	1
Vexvanish_	1	#C30078	1
巧克熊	2	#C80023	1
莹火之森	1	#C30078	1
除了梦里都在睡	1	#C30078	1
维兹S-要好运	2	#C80023	1
灼雪_	2	#C80023	1
一条詩織	2	#134C74	1
图图不在红	1	#C30078	1
鹏鵬天天向上	2	#C80023	1
sususuhyuk	1	#C30078	1
伤心茹头综合征	1	#70B999	1
慕翎月	1	#EBAD40	1
茶果622	1	#70B999	1
Diarylilia	2	#134C74	1
掌中砂砾	2	#C80023	1
困了就睡zzzZZZZ	1	#EBAD40	1
减轻拖延症压力	1	#C30078	1
糕剑狸	1	#EBAD40	1
波浪小猫	1	#70B999	1
苏12琴	1	#EBAD40	1
豬Sus	1	#EBAD40	1
_芝芝桃桃桃	2	#134C74	1
妄想侠-勋	2	#134C74	1
鱼生千寻	1	#EBAD40	1
乙醇消灭者	1	#70B999	1
教练我想打网球	2	#C80023	1
khfdruhfhuyr	1	#EBAD40	1
漆酱_六六大顺	2	#C80023	1
香草泡沫V	2	#C80023	1
纯情脚太郎	2	#C80023	1
墙角青苔5495	1	#C30078	1
小懒羊想追星	1	#EBAD40	1
水栖永历	1	#70B999	1
钟情大房	1	#70B999	1
水冷式贰玖捌	1	#EBAD40	1
摆烂大赛冠军	1	#70B999	1
梨弥_FE推	2	#C80023	1
世界旅行的猫sy	1	#C30078	1
拂晓下的蒲公英	2	#C80023	1
铁扇公主蔡文姬	1	#70B999	1
烹小仙儿	1	#EBAD40	1
碳化的硅晶体	2	#C80023	1
Tachanka永远滴神	1	#EBAD40	1
这名起了两年	1	#70B999	1
仙人掌抽	2	#134C74	1
OatLatte_photo	2	#C80023	1
你们和烤全羊一起丨	1	#EBAD40	1
第二瓶茅台	1	#EBAD40	1
横撇竖折勾白勺	1	#EBAD40	1
-安理栀K_上岸版-	1	#EBAD40	1
SiO2玻璃	2	#C80023	1
空腹虫餃子専門店	1	#C30078	1
煎卷-	1	#C30078	1
粑粑公主爱吃垃圾	1	#70B999	1
咂仔	1	#70B999	1
斟茶晴豹	1	#70B999	1
应瑶光	1	#EBAD40	1
始于2015年07月07日	2	#134C74	1
Chinozo_um	1	#C30078	1
舟州洲_隐姓埋名版	1	#70B999	1
时间彳亍者	1	#EBAD40	1
社会主义快乐人质	2	#C80023	1
蝈蝈柚子	2	#134C74	1
一颗甜橘呀	1	#C30078	1
牙疼的龙猫	2	#C80023	1
灼眼的小熊	2	#C80023	1
Lofi00	1	#EBAD40	1
甜甜綣洞	1	#EBAD40	1
Aubrey柠	2	#134C74	1
斗牛犇犇	1	#70B999	1
太阳好大脸的猕猴桃	1	#EBAD40	1
-真的是真的-	1	#70B999	1
THE_O_是个小胖纸	2	#134C74	1
鱼汪汪汪	2	#C80023	1
卡昆卡	1	#70B999	1
马兆无穷	1	#EBAD40	1
ikissyoiss	1	#EBAD40	1
钮钴禄卷深圳莲花池版	2	#C80023	1
gsbbbj	1	#EBAD40	1
绊仔	2	#C80023	1
Nine9啊哈	1	#C30078	1
栗子熱牛奶	2	#C80023	1
秉烛夜游者	2	#C80023	1
白焚_	1	#EBAD40	1
ouepghdy	2	#C80023	1
廖大仙儿	2	#134C74	1
小号还要专门起名字吗	1	#EBAD40	1
黒角砂糖	2	#C80023	1
修楷清的向薇儿	2	#C80023	1
天降大任于斯人也必先伤筋动骨	2	#C80023	1
鲨鱼爱上了猫	1	#70B999	1
_海檀_	1	#C30078	1
奈斯多呢嘟	1	#C30078	1
底线不易	1	#70B999	1
一团奶糕	1	#C30078	1
不知道为啥很爱叹气的迪迦奥特曼	1	#70B999	1
蓝石头小布努力自我重建中	2	#C80023	1
月盈有妙櫻	1	#70B999	1
米心好甜	2	#134C74	1
小鱼阿野七分甜	2	#C80023	1
谏山南瓜	2	#134C74	1
诛砂	2	#134C74	1
Ods-熊	1	#70B999	1
每天都在饿的4颠2	2	#C80023	1
-C婵	2	#C80023	1
江东少年陆伯言	1	#C30078	1
稳步安息中	1	#70B999	1
我XuN思	1	#EBAD40	1
Hykey666	1	#EBAD40	1
阿格里蛙	2	#C80023	1
苦不唐捐儿	2	#C80023	1
悠然天青	2	#C80023	1
趴窝中的MOMO酱	1	#EBAD40	1
葱香椰子鸡	1	#70B999	1
洛阳山新	1	#EBAD40	1
_BlindingLights_	2	#C80023	1
秦勉	2	#C80023	1
和小鱼熠起赴山野	2	#134C74	1
Bobi啵比w_	2	#C80023	1
不戴帽子的兔子先生	2	#C80023	1
再咕一会儿_	1	#EBAD40	1
我可以吃吃吃但是不胖胖胖吗	1	#EBAD40	1
寒州里	1	#C30078	1
花大咩2号	1	#EBAD40	1
格子别熬夜了	1	#EBAD40	1
哆哆是只小咩咩	1	#70B999	1
与桃花作别	1	#C30078	1
世间清景是微凉Q	1	#70B999	1
走走威威	1	#EBAD40	1
速速端上来罢	1	#C30078	1
良言23333	1	#EBAD40	1
六杯冰拿铁和杏仁可颂	1	#70B999	1
milk毛茸茸	1	#EBAD40	1
优雅的黑黑球	2	#C80023	1
花少女_Hana	2	#C80023	1
大宝only_one	2	#C80023	1
茉莉不知道起什么名字好	1	#70B999	1
草木荒萋	1	#EBAD40	1
岭山一一	1	#C30078	1
人生就是小马过河	1	#EBAD40	1
野人飞不动	2	#C80023	1
真三OJOO	2	#134C74	1
一只路过的poi	2	#C80023	1
蘸着树莓酱吃	1	#70B999	1
阿灰灰灰_fay	1	#C30078	1
summydandan	2	#134C74	1
杜若X苏芳	1	#C30078	1
铿76816	1	#EBAD40	1
serendipity_JY	1	#C30078	1
婉转之鸟_不展翅	1	#70B999	1
CARROT_ddk_k	2	#134C74	1
森森乌棱极好恰	1	#C30078	1
林叫兽告诉土哥	2	#134C74	1
腐萌化-MKB	2	#C80023	1
囧户不亮	1	#C30078	1
等待080808	2	#C80023	1
美貌小胖喵	1	#70B999	1
神田优姬咸鱼社畜想退休	2	#C80023	1
依依的飞行日记	1	#70B999	1
萨尔斯堡的奥呆丽	2	#134C74	1
琉璃镜月	2	#C80023	1
绿竹巷中	1	#EBAD40	1
赤胆忠心Moss酱	2	#C80023	1
微博面朝大海_9ow	1	#C30078	1
灼目连击	1	#C30078	1
I代阿克塞尔解锁	1	#EBAD40	1
wO雨墨墨墨	2	#C80023	1
Crowcat_绅士假面	2	#C80023	1
改名了2154334546	1	#C30078	1
bonnia_ABLE	2	#134C74	1
佛系老阿姨信奉沉默是金	1	#70B999	1
Self_consist	1	#70B999	1
Maldarolu	1	#70B999	1
Ban-nya蹭你一身毛	1	#70B999	1
二墉ghf	1	#70B999	1
小盒恋爱日记	2	#C80023	1
Always_been_here	1	#EBAD40	1
飞奔夜鹦鹉	2	#134C74	1
X3MU	2	#C80023	1
槑槑的醋溜便当	2	#C80023	1
會在太陽落下前醒來	1	#C30078	1
一碗美美子	2	#C80023	1
奶油蘑菇汤真好喝哎巴扎嘿	2	#C80023	1
星仔seven	1	#EBAD40	1
只是单纯吃瓜群众	1	#EBAD40	1
千了个禧禧	2	#C80023	1
羊毛今天肝了吗	2	#C80023	1
dark小黑	1	#70B999	1
Weenomad	1	#C30078	1
w阿文w	1	#EBAD40	1
汪小小圆	1	#C30078	1
不知名丢人博主	2	#134C74	1
肥丢丢的大锦鲤	2	#C80023	1
唐门微雨心澄	1	#70B999	1
只只黑喵喵	1	#EBAD40	1
我的法棍刚烤好	1	#C30078	1
壑壑鹅鹅饿饿	2	#C80023	1
髓磷鞘	1	#70B999	1
欣欣然呀_	2	#C80023	1
蔚蔚蔚然	1	#EBAD40	1
大吉大利肉可可	2	#134C74	1
-食尧	1	#70B999	1
yihanXX	2	#C80023	1
寂静梧桐春夜雨	1	#EBAD40	1
sqmy2622	2	#C80023	1
龙城海天	1	#C30078	1
健康平安安安安	1	#EBAD40	1
董不懂Hola	1	#C30078	1
前武藏野市民小王	2	#134C74	1
捣捣猫呀_620	2	#C80023	1
frankwjt	1	#EBAD40	1
x妮卡娜x	2	#C80023	1
好想喝cola	1	#C30078	1
挽宁宁_	2	#C80023	1
徘徊的三明治	1	#EBAD40	1
大幸幸-逆转什么时候出新作	2	#C80023	1
Laurare_	1	#70B999	1
雪璃音_AlpacaBlack	2	#C80023	1
RockLxc	1	#C30078	1
三千相_晏夜	1	#EBAD40	1
为什么不让老子改昵称啊	1	#EBAD40	1
天蓋卫星损耗	1	#EBAD40	1
辣椒moz要努力买黄金	1	#70B999	1
胖达君Tourism	2	#C80023	1
兔茸茸aki	1	#EBAD40	1
王座法庭鏟屎官	2	#134C74	1
教猪是只长耳朵短尾巴的怪兽	2	#134C74	1
木和土的杜	1	#EBAD40	1
清蒸不是苯人	1	#70B999	1
7号傀儡师	2	#C80023	1
果尔给他	2	#C80023	1
橘子皮欧巴	1	#EBAD40	1
蛾摩拉短毛兔	1	#EBAD40	1
sylvia33的围脖	1	#EBAD40	1
wang6089356387	1	#C30078	1
初夏_CC	1	#EBAD40	1
一月一日_	1	#70B999	1
怎么我睡不醒你也不知来叫我	1	#EBAD40	1
荷兰猪减肥专家	2	#134C74	1
张小白哇咔咔	2	#C80023	1
大大大大大大圣啊	1	#70B999	1
皇家BOm	1	#EBAD40	1
幽祢	2	#134C74	1
moemoemoji	1	#70B999	1
天生我蚕必有豆	2	#C80023	1
想要摸鱼的K	1	#EBAD40	1
早起way	2	#C80023	1
_出门不带脑子_	1	#70B999	1
野原星星君	1	#EBAD40	1
Simmter	2	#C80023	1
Freezerrrrrrrr	1	#70B999	1
-ACR	2	#C80023	1
若果不哦豁	1	#C30078	1
韩小盒儿	2	#134C74	1
哇唬爱吃	2	#C80023	1
淡蓝色薰衣草2010	1	#70B999	1
有个车车啊	1	#70B999	1
用户7348551972	1	#EBAD40	1
一竹呐	1	#70B999	1
不如繁星	1	#70B999	1
这次马甲一定要捂住	1	#70B999	1
矛门在逃弟子	1	#C30078	1
相信_坚持与期待	1	#70B999	1
滾水煲蜜糖	2	#C80023	1
草莓的记录簿	1	#C30078	1
爱爬树的zeta	2	#134C74	1
blinggg_bling	1	#C30078	1
用户7567488141	1	#70B999	1
kuma先輩	1	#C30078	1
eric替	1	#70B999	1
花间的小店	2	#134C74	1
麻友炸鸡吃	1	#EBAD40	1
江之岛盾子玩第五	1	#70B999	1
E的艾	1	#C30078	1
将五音kkk	2	#C80023	1
哼哧哼哧小蘑菇	2	#C80023	1
你好再見祝你好運	2	#C80023	1
特别典	1	#70B999	1
aaaaalrita	1	#C30078	1
火锅味蛋黄派	1	#70B999	1
用户6540015747	1	#C30078	1
林中霖_Lynciel	1	#C30078	1
Trista_TheAlien	2	#C80023	1
专注胃痛三十年	1	#EBAD40	1
xx23411	1	#C30078	1
KOTM自然神	1	#EBAD40	1
请_冷_静	1	#EBAD40	1
梦色逃明	1	#EBAD40	1
x欲与深蓝	1	#EBAD40	1
one年寝太郎	1	#EBAD40	1
古早网名_在在的花	2	#C80023	1
软软糯糯白白圆圆	2	#134C74	1
Marchisio_Pirlo21	1	#C30078	1
篠熊猫黑白	2	#C80023	1
元気寿司卷	1	#EBAD40	1
夏_峥	1	#C30078	1
Matthew__M	2	#C80023	1
千亿夏	2	#C80023	1
-飞霜-	1	#70B999	1
方俞伟	2	#C80023	1
日日偷懒的兔子	1	#EBAD40	1
不要在意我说啥	2	#C80023	1
要自律哦嗷	1	#70B999	1
无数小球球	2	#C80023	1
红豆芋泥冰沙粥	2	#134C74	1
无边落木里白沙点点熠熠	2	#C80023	1
Fei吐泡泡	2	#C80023	1
源氏的小虎牙	1	#70B999	1
cygnus晕晕版	2	#134C74	1
dare林恩	2	#C80023	1
把名字改得让大家都不知道我是谁	2	#C80023	1
漫画店数桃子	2	#134C74	1
少女不谢我热心	2	#134C74	1
喔喔牛皮糖	1	#70B999	1
二丫的小米粒	1	#EBAD40	1
再不好吃也不能挂啊	2	#134C74	1
Happy瑞妮	1	#EBAD40	1
娘哈哈R-SPRiNGS-	1	#EBAD40	1
不弃家的豆花酱	2	#134C74	1
英雄童话pt2	1	#70B999	1
江桃良	2	#C80023	1
一桶快乐羊	2	#C80023	1
StarrySkyAbbey	1	#C30078	1
Gaara的砂葫芦	2	#C80023	1
罗迪姐姐	1	#70B999	1
一只蠢萌蘑菇	1	#70B999	1
咖布伐离手二代目	1	#70B999	1
80斤求长胖	2	#C80023	1
是星星不是嘻嘻	1	#EBAD40	1
A_Ling是非非	1	#EBAD40	1
Arashi_听听梦想的诉说	1	#EBAD40	1
焚琴的浪子_	2	#C80023	1
交卷记得写茗字	1	#C30078	1
璃心小朋友Tinh	2	#C80023	1
ubbulli_	2	#C80023	1
低能兒的死錢鬼	2	#C80023	1
Roohii	1	#EBAD40	1
流浪madao勺	1	#70B999	1
fadeawayrefrain	2	#C80023	1
嘉囝_划水摸鱼小能手	2	#C80023	1
顽固的散弹葡萄	1	#C30078	1
日暮囚途	1	#C30078	1
-ikujinashi-	1	#EBAD40	1
思乐LLLL	1	#EBAD40	1
小黑爱小白	2	#C80023	1
后生麦霸	1	#EBAD40	1
刘小琪玩不死	2	#C80023	1
无壳椰子草加	1	#EBAD40	1
墨鱼蛋炒饭	2	#C80023	1
粤享悦开心	1	#EBAD40	1
牛蹄蹄好牛	2	#134C74	1
人不可一日无咖啡	1	#EBAD40	1
你像红尘掠过_样	2	#134C74	1
7775萌宠世界	1	#EBAD40	1
翘屁嫩菌-火锅菌	2	#C80023	1
蔚蓝之约	1	#70B999	1
Shinamonn	1	#70B999	1
蕾雅蓝顿	2	#134C74	1
奈河桥畔雨后燕	2	#C80023	1
无镜之屋	1	#EBAD40	1
妖风街白逼死糖	1	#EBAD40	1
染色体集团保安队长	1	#70B999	1
逃不走的penguin_	2	#134C74	1
雨中独步享清风	2	#C80023	1
鸭鸭快乐人	1	#70B999	1
白露为霜提珞子	2	#C80023	1
_塔里木_	2	#C80023	1
PurpleBrain_AAA胡萝卜大宗批发	1	#70B999	1
千夏与蝉	1	#EBAD40	1
绕个圈圈转圈圈	1	#EBAD40	1
纯德安	1	#EBAD40	1
Magnoreu	1	#70B999	1
愤怒的滚圆圆	2	#C80023	1
canar_y	1	#EBAD40	1
卡七马	2	#C80023	1
六一当然过六一	2	#134C74	1
北乔乔乔	2	#C80023	1
流连melt	1	#EBAD40	1
爬墙中的螃蟹	2	#C80023	1
谭是谭谭的谭	1	#70B999	1
萌气流氓无脸男	2	#C80023	1
叶君宇的藏羚羊是三嫂啊	1	#70B999	1
莫奈的胡辣汤	1	#70B999	1
SherrySherlock	1	#EBAD40	1
互联网金牌冲浪手丶	1	#EBAD40	1
当流星划过时-	1	#70B999	1
ftyfyt	1	#EBAD40	1
JANA旅行中	2	#134C74	1
吃瓜路人111eee	1	#C30078	1
o肥路路o	1	#C30078	1
蟋蟀as	2	#C80023	1
台風9号	2	#C80023	1
ZZ-蚊	2	#C80023	1
狐狸望月	2	#134C74	1
神说要吃饭	1	#C30078	1
何愚与隅	2	#C80023	1
阿阿阿阿一Moon_ArG	1	#EBAD40	1
Joker贤	2	#134C74	1
翡翠虾虾	1	#EBAD40	1
真的不会盲打	1	#C30078	1
小白菜会有玫瑰	1	#C30078	1
一叶知风而懂秋	1	#C30078	1
萌龙嗅蔷薇	2	#134C74	1
夜之寂静	2	#C80023	1
意志坚定的花生酱	2	#C80023	1
SdTennessee	1	#70B999	1
无语榴莲炖金针菇	2	#134C74	1
东家奋起	2	#C80023	1
熙然子	2	#134C74	1
相楽桜	2	#C80023	1
用户6877395768	2	#134C74	1
教练我也想有超能力	1	#EBAD40	1
岩本照的圣诞树	2	#C80023	1
有楽亭西瓜汁	1	#EBAD40	1
微荫	1	#EBAD40	1
原子CaoYuan	2	#134C74	1
水溶液_	2	#C80023	1
坚韧发电蓝莓	1	#EBAD40	1
想自囿	1	#EBAD40	1
oju_dfe	2	#C80023	1
要开心的24ver	1	#70B999	1
假河马姆明	1	#EBAD40	1
张万森女友	1	#70B999	1
藏岚的灯塔	1	#EBAD40	1
早安卡林顿晚安老特拉福德	2	#C80023	1
Ryuki_陽	2	#134C74	1
欢乐的baby地盘	1	#EBAD40	1
给我醒过来啊	1	#70B999	1
三与三十万综合胖	1	#70B999	1
要暴富的萌萌	2	#C80023	1
啊哦咦呜吁唉喂	1	#70B999	1
咱乃猫是也	1	#EBAD40	1
茨木来了吗	1	#C30078	1
静潭秋水月-	1	#EBAD40	1
一颗钰钰子	1	#C30078	1
Be_as_one谈嘉祺	2	#C80023	1
Aries笑颜猫	2	#C80023	1
二重感染复来归	1	#70B999	1
真心换真心77	2	#134C74	1
宅内燃料満载	2	#134C74	1
部落001110	1	#EBAD40	1
ReginAPhalangE_	1	#EBAD40	1
浅果子的日常	2	#C80023	1
niuniu小橘	2	#C80023	1
yo不想再努力了	1	#70B999	1
阿澄正在外面耍	1	#EBAD40	1
祈雨谣	1	#EBAD40	1
轰炸机艾某某_A	2	#C80023	1
白书-ls	2	#C80023	1
LTXXGO	1	#70B999	1
wenwen这个名字用不了真的好烦	1	#EBAD40	1
JosuijiShinri的腿毛	1	#C30078	1
你也太下饭了吧	1	#EBAD40	1
阿打啊打啊打打打	2	#C80023	1
晓山雾青	1	#EBAD40	1
ChiIiChiIi_	1	#70B999	1
讨厌想名字好难	1	#C30078	1
狄莺呀	1	#70B999	1
炸面包猫	1	#EBAD40	1
要自律的拖延症少女	1	#70B999	1
Elella77	1	#EBAD40	1
haroNeuhs	2	#C80023	1
我是泥们滴太阳	2	#C80023	1
hayewin	1	#EBAD40	1
六人成群	1	#EBAD40	1
你要这样想那我也没办法_	1	#C30078	1
望天发呆的紫蓝	1	#70B999	1
阿兮YY	1	#70B999	1
福生玄黄天尊-	1	#EBAD40	1
Whitedoll	1	#EBAD40	1
我当不了大魔王了	1	#EBAD40	1
俊趣功铭	2	#134C74	1
-潇文-	2	#C80023	1
julyth喜欢我喜欢的	1	#C30078	1
Junmomo	1	#EBAD40	1
骑着黑色的白马向后退	1	#70B999	1
SaaaaLHam	2	#C80023	1
未已__	2	#C80023	1
飞飞飞非斐斐斐	1	#C30078	1
MegaHarlequin_	1	#70B999	1
无籍XEXO	1	#EBAD40	1
luolibasuo99414	1	#EBAD40	1
花吃了妖精	2	#C80023	1
鹿角胁立兜	1	#C30078	1
什么都不高兴	1	#EBAD40	1
LemoniCede	2	#C80023	1
hanabaibai	1	#EBAD40	1
一个小肉包哇	1	#70B999	1
正在使用滚筒洗衣机的工藤新一	1	#70B999	1
依依v月翼_YoI	2	#C80023	1
焦焦多锻炼少熬夜爱自己你最棒	1	#C30078	1
喵呜一口一口	1	#EBAD40	1
缶庐近墨	1	#C30078	1
宵queen	2	#C80023	1
真杯具瓶子	2	#134C74	1
漆小步	2	#C80023	1
一些得意猫狗bot	1	#C30078	1
夜风中的阳二点零版加强版	1	#70B999	1
遊_小培	2	#C80023	1
wulude	1	#C30078	1
浅色夏末151324	1	#C30078	1
慕容小青	1	#70B999	1
一根稻草1216	2	#C80023	1
牛肉包子兔	2	#C80023	1
卢阿卢可以努力的	1	#EBAD40	1
-脑回路-	1	#70B999	1
摄影渣-饭盒yan02	2	#C80023	1
麦子茶	2	#C80023	1
Joyeaha	1	#EBAD40	1
第九百二十七号银河碎片	1	#70B999	1
我也不知道改啥名啊	1	#EBAD40	1
逆转三石君	2	#134C74	1
哈士奇的男人	1	#C30078	1
好像从这跳下去	1	#C30078	1
樱外梨子	2	#C80023	1
独自凭阑雪茫茫	2	#C80023	1
璐嘉嘉璐	1	#EBAD40	1
上班狗旺旺每天倒计时	2	#C80023	1
Jus_droit	1	#70B999	1
卡比兽属草团团种	2	#C80023	1
暮为落音	2	#C80023	1
开麦拉迪迪	1	#EBAD40	1
杏茹cmq	1	#70B999	1
龙王破山剑	1	#70B999	1
混微博要慎言慎行别被夹	1	#70B999	1
不成盐_617	1	#C30078	1
九一刺梨	1	#C30078	1
狂赞士HRC	2	#C80023	1
吉吉酱_是渣攻	2	#C80023	1
抹茶泡芙一点也不难吃	1	#C30078	1
大强哥哥EN_ROUTE	2	#134C74	1
师兄要发财	1	#C30078	1
好柿柠檬树	2	#C80023	1
柠檬水豚	1	#70B999	1
natisi	1	#EBAD40	1
圆胖Aria	1	#EBAD40	1
加黑草	1	#EBAD40	1
花影流溯w	2	#C80023	1
Janneruru	1	#C30078	1
天藴烟莎	2	#C80023	1
牛肉烧个铁板	1	#EBAD40	1
李丰乐	1	#C30078	1
爱与正义的逗比美少女壮士包纸	2	#C80023	1
酒嗣不肆酒	2	#C80023	1
叶维缇亚	1	#EBAD40	1
锂离子化合物	1	#C30078	1
总攻三	2	#134C74	1
Getty_S	2	#134C74	1
ego7o7	1	#70B999	1
汀歌薄酒椰	1	#70B999	1
兰伯特重症患者_Velvet	2	#C80023	1
没人能发现的杨艾伦	2	#C80023	1
麻瓜逃离宇宙	1	#EBAD40	1
-笑玖-	1	#EBAD40	1
银河系离子小熊碳水公主Ryon	1	#C30078	1
星河滚烫熟了	1	#C30078	1
耳机退烧后骑机车的魔炮子	2	#C80023	1
亲爱的_亲爱的_你好吗	2	#C80023	1
_艾丽卡酱	2	#134C74	1
HonenMoka	2	#C80023	1
一起浅浅淡淡生活	1	#C30078	1
水管武神	1	#70B999	1
松野快乐竹_铁血纯爱战士	1	#C30078	1
鱼秋酱	2	#C80023	1
双鞘剑	1	#70B999	1
ID太长躲猫猫的时候会被发现么	2	#C80023	1
左左不是Hidari酱	2	#C80023	1
球丸子球球	1	#70B999	1
旻Xx	1	#70B999	1
小夜喵不爱取名字OvO	2	#C80023	1
啊晕晕仔	2	#C80023	1
芝芝莓莓爱吃兔兔	1	#EBAD40	1
熠曦熙懿	1	#70B999	1
如愿可期	1	#EBAD40	1
爱叫什么叫什么随意吧	1	#C30078	1
积极乐观宽心的小傅蝶	1	#70B999	1
专业吃瓜66号	1	#C30078	1
过冷却布丁	1	#70B999	1
茭茭茭茭白	1	#EBAD40	1
一天得讲八万句话	1	#C30078	1
0C加一杯柠檬绿茶	1	#EBAD40	1
自在yo_	1	#70B999	1
畅音阁	2	#C80023	1
是你的月亮辣w	2	#C80023	1
无欢2007	1	#70B999	1
沙拉莹	2	#C80023	1
夏夏玩泥巴	1	#C30078	1
TararebaGirl	1	#EBAD40	1
松月微醺	2	#C80023	1
史提芬森先生	1	#C30078	1
有所偏頗	1	#EBAD40	1
Stella-Miss-Luna	1	#EBAD40	1
悠铀	2	#134C74	1
日影館絵夢	1	#EBAD40	1
人菜瘾大李材韩	2	#C80023	1
Programmer222	1	#70B999	1
圆圆织宗宗	2	#C80023	1
blacker518	1	#70B999	1
大比亚峰哥	1	#70B999	1
酸菜鱼记录	1	#EBAD40	1
后知至后觉	2	#C80023	1
好好做一只猫	2	#134C74	1
要不要看老子的微博	2	#134C74	1
彬彬的彬Bingo	2	#C80023	1
被风干的触手星人异化了的嗜雪	2	#134C74	1
高达及其他	2	#C80023	1
萌萌2920	1	#EBAD40	1
抱朴朴-	1	#70B999	1
Jacqueline1216	1	#EBAD40	1
鼎盛沙龙	2	#C80023	1
battlefield_friend_y	1	#70B999	1
柳萧lx	1	#EBAD40	1
朔方将夜	1	#C30078	1
时间里雨的故事	2	#C80023	1
白芷只是想睡觉	1	#EBAD40	1
云深不知日	1	#70B999	1
蛋挞一口十个	1	#EBAD40	1
清以尘间	1	#EBAD40	1
秦复又	1	#70B999	1
KGDaDiandeGuo	1	#70B999	1
Bibbiboo	2	#C80023	1
sooldfieeld	2	#C80023	1
running小超人是不落的太阳	2	#C80023	1
万有引力魟	1	#EBAD40	1
我真的叫皓哥	2	#C80023	1
肉松饭团的老父亲	1	#EBAD40	1
小蚊子叮叮包	1	#70B999	1
乌龙茶加碎碎冰	1	#70B999	1
仙台冬菇sho_OzenFish	2	#C80023	1
珊珊回姥姥家	1	#C30078	1
生姜背带裤	1	#EBAD40	1
师绘	2	#C80023	1
MenTing_	1	#70B999	1
氏缩	1	#EBAD40	1
snowdrop69	2	#C80023	1
耐力投资	2	#C80023	1
TR1KY	1	#70B999	1
熊小怪蔓斯特	1	#70B999	1
非规符号	1	#70B999	1
莲lian20609	1	#70B999	1
Evelyn10969	1	#EBAD40	1
陆地观沧海	1	#70B999	1
Lumbago	2	#C80023	1
HING1988	2	#134C74	1
瓦塔西蛙	1	#70B999	1
小沈爱吃地瓜干味小饭团	1	#C30078	1
木加可	2	#C80023	1
lokiseraph努力让自己快乐	2	#C80023	1
网瘾晚期老妪	1	#70B999	1
功利足球爱好者	2	#C80023	1
贰號_懒癌末期	2	#C80023	1
燎原中的火凤	1	#EBAD40	1
神子无子loveredum	1	#70B999	1
田鼠汪	1	#70B999	1
庞庞庞_is_boy	1	#EBAD40	1
-有些故事開始就沒錯-	2	#134C74	1
Kiera-x	1	#70B999	1
失败者董羁	1	#70B999	1
Pa酱Pi	1	#EBAD40	1
天然呆特罗	1	#70B999	1
累了就这样把	2	#134C74	1
IRISetc	1	#C30078	1
写作KAUNTO读作伯爵	2	#C80023	1
AoNe拾一	2	#C80023	1
ChoowChoow	1	#C30078	1
惟与桐	2	#C80023	1
网瘾少女柿子君	2	#C80023	1
漩涡35964	1	#EBAD40	1
正在成长的絮雨儿	1	#70B999	1
转阿转啊甜	1	#EBAD40	1
笑得像真的一样	1	#70B999	1
我是绵了个羊	2	#134C74	1
把这个那样把那个这样	1	#70B999	1
栗子锵锵	1	#C30078	1
吐槽bot暴躁版	1	#70B999	1
给你奶茶oOooO	1	#EBAD40	1
SNEAKY_husky	2	#C80023	1
装什么啊你_	2	#C80023	1
-杨枝甘露露-	1	#70B999	1
风早笑梦	1	#70B999	1
月夜幽纱	1	#C30078	1
假牙的痴呆读物	1	#C30078	1
坨一柴子	1	#EBAD40	1
樱桃金狗	1	#C30078	1
折風霧盡島	2	#C80023	1
谁说谁怕谁	2	#C80023	1
西瓜流了一地汁水	1	#70B999	1
破黑土而出的微微微	2	#134C74	1
Moku_浔木兮	1	#C30078	1
pupubobobu	1	#70B999	1
_凡间俗梦_	1	#70B999	1
蒿里山工作人员01	1	#70B999	1
MikoKobayashi	1	#70B999	1
喵丶叮	2	#C80023	1
lhu5870	1	#EBAD40	1
一颗秋生菜	2	#C80023	1
新生活开启_雨	1	#70B999	1
清清唯爱bing	1	#EBAD40	1
不换头像的工藤	1	#70B999	1
风刈-火葬	1	#EBAD40	1
Summer-never-ends	1	#EBAD40	1
带书去巴黎	1	#C30078	1
-十二点睡	2	#C80023	1
Troye-Sheeran	1	#EBAD40	1
35岁就退休256	1	#70B999	1
1gnited	2	#C80023	1
八条小号	2	#C80023	1
Firo_Z	1	#C30078	1
疯纸扭矩Enjoy	2	#C80023	1
牛市sky	2	#C80023	1
用户aslanjade	1	#70B999	1
魔G不冲动	1	#EBAD40	1
悲伤咋那么大哩omg	1	#70B999	1
房子里的雅格里曼	2	#C80023	1
夏雾凉	2	#C80023	1
路西法没有六翼	2	#C80023	1
圆周率今天生日	1	#C30078	1
记录者ZENS	1	#70B999	1
我必减肥求求了	1	#C30078	1
____崇尧	1	#70B999	1
1Zzzzooo0	2	#C80023	1
尼娅厨mk4	1	#70B999	1
飞鹰翔	2	#C80023	1
坨坨棉花儿	1	#C30078	1
Cliff1111	1	#EBAD40	1
AnnieAnnieAnnie呵呵呵呵	2	#C80023	1
mc要早睡呀	2	#C80023	1
畔之车	1	#70B999	1
-派大星咏九歌-	1	#C30078	1
CocoPan323	1	#C30078	1
重脊翼	1	#C30078	1
百脚陆	1	#C30078	1
次我疯来吴山	1	#EBAD40	1
豆狸大鱼	1	#EBAD40	1
煮煮煮芋头	1	#C30078	1
HJK不换名字了	2	#C80023	1
观音市	1	#C30078	1
小岛游荡	1	#70B999	1
若思未歇	1	#C30078	1
Ilukukukukuku	1	#EBAD40	1
宇宙幻想指南	1	#EBAD40	1
人偶凪	2	#C80023	1
EEEighteeN	2	#C80023	1
岁周一甲子	1	#70B999	1
Eonsisallin	1	#EBAD40	1
墨漾myy	2	#C80023	1
溪雨捏	1	#70B999	1
1027懒猫的日常生活	1	#C30078	1
消逝的我-	2	#C80023	1
天天都是快乐的	2	#134C74	1
黑晓丶KUROAKIRA	2	#C80023	1
牛-盾-M-T	1	#C30078	1
镁基夜师傅	2	#C80023	1
BILLKIN_BSLX	2	#C80023	1
Hyggggie	1	#C30078	1
张亦辉--布朗运动	1	#C30078	1
谁骂我我就骂回去哦	2	#C80023	1
燕燕于飞_叮叮当当	1	#EBAD40	1
蒋一朵小红发	2	#C80023	1
-京極堂涼-	1	#C30078	1
力口冰可尔必思	2	#C80023	1
钞与超能力	1	#70B999	1
木圭球球嘎嘣脆	1	#C30078	1
餅_勤奮練腹肌Xxx	2	#C80023	1
Roku六沧	1	#70B999	1
爱洁洁的鲸鹿	2	#C80023	1
和小狗的恋爱实录	1	#C30078	1
欺负心碎小狗	1	#70B999	1
找_乜子	2	#C80023	1
BOOMshakekala_刻	2	#C80023	1
芥末章鱼烧yxt	2	#C80023	1
还是要吃蛋黄酱	2	#C80023	1
庄生入梦来	1	#70B999	1
-把门开开-	1	#EBAD40	1
zoodii	1	#C30078	1
嘿--南瓜是呱唧	1	#C30078	1
椎名纸茶	1	#EBAD40	1
-Nomoni	1	#EBAD40	1
是啵啵啊04	1	#70B999	1
玖诗姓安	1	#70B999	1
春日记录本Cc	1	#C30078	1
貓仔_牧	1	#70B999	1
秃头鸭子	1	#EBAD40	1
xygzjmswc	1	#70B999	1
我兜里好多星	1	#EBAD40	1
小市woooooooooooooow	2	#134C74	1
泰勒笑	1	#70B999	1
小王今年要看海	1	#C30078	1
怎么全被注册了我笑了	1	#70B999	1
MC_HearthCats	1	#EBAD40	1
Joshue_	2	#C80023	1
一千个咸鱼	1	#70B999	1
殊小沐	2	#134C74	1
snowyshow	2	#C80023	1
灵丹201603	1	#EBAD40	1
AAA专业灵车租赁	1	#EBAD40	1
47软软哒	2	#C80023	1
渣渣呀呀唧唧喳喳	1	#70B999	1
森罗行幕间	2	#C80023	1
OMG-WTF	1	#EBAD40	1
只给苏见信花钱的鬼怪夫妇显眼包	2	#C80023	1
就给我吃一口吧	1	#EBAD40	1
小土豆子1234	1	#C30078	1
一只土狗精	1	#C30078	1
我是富贵啊啊啊	2	#134C74	1
UtauYukio	1	#C30078	1
阿酥一不小心被坑	1	#EBAD40	1
马上一百层	2	#C80023	1
S-UNDA-Y	1	#C30078	1
宋耗耗復活終了1640	2	#C80023	1
品疯鱼家	1	#C30078	1
逸樂漸生	1	#EBAD40	1
春归宿	2	#134C74	1
Lemon不会很甜	1	#EBAD40	1
嘤嘤嘤你妹	1	#C30078	1
丨Felicity丨	1	#C30078	1
月亮花园	2	#C80023	1
福如东海哟	1	#EBAD40	1
军用兽医	1	#C30078	1
Erofyu	1	#EBAD40	1
悠_悠君	2	#C80023	1
LightOn52	1	#70B999	1
好呀1997_681	1	#EBAD40	1
春爷-我永远都喜欢ff14	1	#C30078	1
fleur-U	1	#EBAD40	1
Reborn_归隐山林	1	#EBAD40	1
鸢尾每天睡不醒	2	#C80023	1
AD今天努力了吗	1	#C30078	1
倔强大花花	2	#C80023	1
O0Opz	1	#C30078	1
春不知樱花醉	1	#C30078	1
安定配当政策1550	1	#70B999	1
o-随遇而安-o	2	#C80023	1
踏云的少年225	2	#C80023	1
GumiGOGO	1	#C30078	1
-海始于斯--	1	#70B999	1
大本但111	1	#C30078	1
哎哟喂Cheung	1	#C30078	1
养蒲公英的彩色鸽子	2	#C80023	1
夏蜩	2	#C80023	1
雾霾有口罩	1	#70B999	1
厉芒123	1	#70B999	1
泳粱	1	#70B999	1
5号病人哈菲兹	1	#70B999	1
柚柚yyyou_	1	#70B999	1
魔灯菲林X寻找无双	2	#C80023	1
prosphonesis	1	#70B999	1
王小分女士	1	#70B999	1
南冥鹿鸣	1	#70B999	1
奶味草莓褥	2	#134C74	1
小桃	2	#C80023	1
酸奶盖ya	1	#C30078	1
-布莱克在巫师评议会-	2	#C80023	1
沉入沧海	1	#C30078	1
吊车出租5527	2	#C80023	1
吃小龙堡的小龙虾	1	#EBAD40	1
酿泉泉泉	2	#C80023	1
得之三生有幸	1	#EBAD40	1
噗噗噗就腾飞deeer冰淇淋	2	#C80023	1
CocoIglesias	2	#C80023	1
夏木立	2	#134C74	1
无奈添	1	#C30078	1
笹塚尊我是你的汪汪狗	1	#EBAD40	1
落晴羲和	1	#70B999	1
颠倒小姐	1	#EBAD40	1
一之瀨積木的七转八起	1	#70B999	1
浅野奈奈子	2	#134C74	1
泽琼好运	1	#70B999	1
希夕Sisee	2	#C80023	1
云上的橙子	1	#70B999	1
福灵福灵剂	2	#134C74	1
西西凯酥	1	#EBAD40	1
颂圣朝歌	1	#EBAD40	1
清和Seiwa_闺蜜今天早睡了吗	1	#C30078	1
待进化体	2	#C80023	1
Miko-0-	1	#EBAD40	1
蝶粉轻沾飞絮雪	1	#C30078	1
販賣夢境嗎	2	#C80023	1
软糖稀奶油_	2	#C80023	1
yasu桑_焦糖布丁不加糖	1	#C30078	1
呆呆萌萌的女王	1	#C30078	1
独望Lee的似火年华	2	#C80023	1
鸡蛋Ivyyy_	1	#C30078	1
月儿圆愿	2	#C80023	1
筱囡的潘多拉_Sandra	2	#134C74	1
蓝小岚00	1	#70B999	1
Jonson927	1	#70B999	1
LSW随风	2	#C80023	1
tracy6652	1	#70B999	1
黄瓜牌莫也BAKUYA	2	#C80023	1
晓一一伊	1	#EBAD40	1
轨道君德国影分身	2	#C80023	1
D-囧兔	2	#C80023	1
阿拉小艾	2	#C80023	1
爆浆草莓甜甜圈233	1	#EBAD40	1
海淀小柴	1	#EBAD40	1
神造了个蓼萝瓶子	1	#70B999	1
乱象卷卷永远自由	2	#C80023	1
你说机械做的心会梦见电子蝴蝶么	1	#70B999	1
下雨就要修xi	1	#EBAD40	1
赫尔辛基的小狗	1	#70B999	1
酥鱼丸粗面	2	#C80023	1
不愧是幻影大人	1	#EBAD40	1
Susanijordan	2	#C80023	1
后现代孔乙己	1	#C30078	1
诶vv都有进步	1	#C30078	1
亚历山大在基层	2	#C80023	1
CD-playfish	2	#C80023	1
沉迷高电压与绝缘技术无法自拔	1	#EBAD40	1
该用户真的已注销请小心	1	#70B999	1
榨橙汁的oj	2	#C80023	1
天堂冲击pso_ver400	1	#70B999	1
我家楼下的拉面超好吃	1	#C30078	1
辣条真的_不辣	1	#70B999	1
红烧鱼cry	2	#C80023	1
鴇田奏海	2	#134C74	1
orry_lee	2	#C80023	1
大朵朵朵朵朵儿	2	#134C74	1
kiyumomo_	1	#70B999	1
流萤昭明	2	#C80023	1
爱吃Cherry_小丸子	1	#70B999	1
我爱看书男	2	#134C74	1
-風真雨-	2	#C80023	1
涂涂患了彼得潘综合症	2	#C80023	1
柴郡猫不想说话	1	#EBAD40	1
嘉兴卢丽飞	2	#134C74	1
苏西HOHOHOHO	1	#C30078	1
洛阳是个没有感情的杀手	1	#EBAD40	1
濯枝雨__	1	#C30078	1
不道春将暮啊	1	#EBAD40	1
shynna不吃甜	1	#EBAD40	1
一只努力的书虫	1	#EBAD40	1
Winky_淼吉	2	#C80023	1
玉田洋洋胶囊	1	#C30078	1
爱鸽子只谈风月	1	#C30078	1
WHSHTVEMT	1	#EBAD40	1
祎笑大方-kiku	2	#C80023	1
TINTIN_Ney	1	#70B999	1
L樱落	1	#70B999	1
薯条Ink	1	#C30078	1
清水意如何	2	#C80023	1
疏懒应归程	1	#70B999	1
抬头看我我是蓝天	2	#C80023	1
遇廌	1	#C30078	1
特种部队猫猫	2	#C80023	1
被玩坏的门	1	#EBAD40	1
圆圆的相方吧	1	#EBAD40	1
oh胡萝卜土豆	1	#70B999	1
边缘的空酱	2	#C80023	1
晴文静	1	#C30078	1
素泊格子	1	#70B999	1
__礼__	1	#C30078	1
喵一样的女汉纸	1	#EBAD40	1
生化电子假人	2	#C80023	1
包薄宝鲍726	1	#70B999	1
港狸	1	#70B999	1
品茶人幻想	1	#70B999	1
白天是潇洒晚上黑大帅	2	#C80023	1
双子小佩	2	#C80023	1
WBbGTOP-小六	2	#C80023	1
ulee777	2	#C80023	1
云初-专注自逆西皮三百年	2	#C80023	1
今天的陽光很耀眼_	1	#EBAD40	1
_空w	2	#C80023	1
番茄炒蛋怎么样	1	#C30078	1
雪也_yukinoyukiya	2	#C80023	1
lemeilleurK	1	#EBAD40	1
云昙溪畔烂柯人	1	#70B999	1
晴空雪晴夜_Y	1	#EBAD40	1
纯白-day	1	#70B999	1
鱼丸resetting	2	#C80023	1
gonex	2	#134C74	1
吃饱睡好不要烦恼	2	#134C74	1
理性清零	1	#C30078	1
来一杯果粒橙叭	1	#EBAD40	1
柬七	1	#EBAD40	1
何阿当	2	#134C74	1
胡八一Psych	1	#70B999	1
棂燼_菜鸡互啄	1	#EBAD40	1
旺仔不爱AD钙	1	#70B999	1
小达家的猫哥哥	2	#C80023	1
疯豹爱你	1	#70B999	1
suki的Kikuta	1	#EBAD40	1
虞亦乘舟归鹿门	2	#134C74	1
青青子衿不是轻轻纸巾	1	#70B999	1
小栗咸	2	#C80023	1
今天我就吃了你	2	#C80023	1
毛驴在夏夜踱步	1	#EBAD40	1
ooCast	1	#EBAD40	1
韩带咋	1	#C30078	1
爱人如己0309	1	#70B999	1
雪落无痕xin	2	#134C74	1
Angelbluen	1	#EBAD40	1
AC一派胡言侯东渐	2	#C80023	1
-颗子-	2	#C80023	1
用户6833883022	1	#EBAD40	1
仿生蘑菇也曾进入厨房汤锅	2	#C80023	1
负离子烫发器	2	#134C74	1
想想要翻身	1	#EBAD40	1
58past22	2	#C80023	1
Aizyx_x	1	#C30078	1
MayTsuki	1	#C30078	1
哈啤富	1	#C30078	1
拉普蘭德是完美_每日沉浸啃法棍	1	#EBAD40	1
巫卡wuka	2	#C80023	1
梦想上了無門的魚	1	#70B999	1
Teresa-随心	1	#EBAD40	1
此号待流程处理中	1	#70B999	1
清語酱	2	#C80023	1
Tanihara_	1	#EBAD40	1
烟荷荷_只为拚却山巅	2	#134C74	1
nowordsfore	1	#70B999	1
5g在线磕糖	1	#C30078	1
Ankiyuko	1	#EBAD40	1
新生代农民工h	2	#C80023	1
十個球-	1	#EBAD40	1
用户7626219739	1	#C30078	1
番禺检察	3	#C80023	1
富民县文化旅游	3	#134C74	1
白河团县委	3	#C80023	1
青年之友v无为	1	#70B999	1
Emma_H_Sue	2	#134C74	1
石家庄高新区	3	#C80023	1
Mango仙草椰奶冻	1	#C30078	1
今天轮到我转运了没	1	#EBAD40	1
绍兴公安	3	#C80023	1
经济观察报	3	#C80023	1
绥阳检察院	3	#C80023	1
周国礼3	1	#EBAD40	1
网易财经	3	#134C74	1
didilike	1	#C30078	1
柳正华的微博	2	#134C74	1
喜悦时光-名表总动员	2	#134C74	1
美东侨报	3	#134C74	1
美国医级资源_Sonmore	2	#134C74	1
半夏到秋凉	2	#134C74	1
愿心中所想皆能如愿	1	#EBAD40	1
老李乐观天下	1	#EBAD40	1
泛青的包子脸	1	#70B999	1
胡化立	2	#134C74	1
圆的良品	1	#C30078	1
药子陌	2	#C80023	1
环宇青春	2	#C80023	1
大G还有搞	1	#C30078	1
药师驾到助健康	2	#134C74	1
haha_1002	1	#C30078	1
友希Sunny	1	#70B999	1
育儿专家张思莱	3	#134C74	1
恁neng啥嘞	1	#70B999	1
西安晚报	3	#C80023	1
西安校园学长	3	#134C74	1
西安网	3	#134C74	1
观察者网	3	#C80023	1
泖港视界	3	#134C74	1
2523956052_767	1	#70B999	1
土豆牛肉高粱	2	#C80023	1
tony日异图	1	#70B999	1
中国第一五毛	2	#134C74	1
丸子的水没满2	1	#70B999	1
视知TV	2	#C80023	1
小羊-CarryOn	2	#C80023	1
Amamiya_Lyra_心弦	1	#C30078	1
寒雨夜来	1	#70B999	1
渔村小青龙	1	#EBAD40	1
穷尽力量	1	#EBAD40	1
战情解码君	2	#C80023	1
-西野呼啸鹰-	2	#134C74	1
赫山公安分局	3	#C80023	1
达州应急	3	#134C74	1
还是你们的瓜总呀	1	#70B999	1
程序员陶辉	2	#134C74	1
汪加诚-	1	#70B999	1
高原_azzurro	1	#70B999	1
阳光下的小猪202210	1	#70B999	1
金州检察	3	#134C74	1
织金检察	3	#134C74	1
铜仁消防	3	#C80023	1
长治政法	3	#134C74	1
阿bou	2	#134C74	1
-小铃铛叮叮当-	1	#C30078	1
庄哈佛	2	#134C74	1
BL-MPS3	2	#134C74	1
roy-ljh	1	#C30078	1
奔跑的烧卖	1	#EBAD40	1
aJ171717	1	#EBAD40	1
吉祥8643	2	#134C74	1
pyramid__________	2	#C80023	1
ECPSH	1	#C30078	1
EnriqueYip	1	#EBAD40	1
漫思茶my	1	#EBAD40	1
flyfish1987	1	#70B999	1
Ronica_psy	1	#C30078	1
琳达2021	1	#C30078	1
虚挚光阴	1	#70B999	1
bemyshrink	1	#C30078	1
crilly	2	#134C74	1
Iholdontothedistantstar	1	#EBAD40	1
米兰陵少	2	#134C74	1
松花酿酒四号机	1	#EBAD40	1
事0770	1	#EBAD40	1
鸡蛋培根芝麻汉堡	2	#134C74	1
招财猫Sasa	2	#134C74	1
Loran_落下	2	#134C74	1
Nagaya-peppe	1	#EBAD40	1
陈途abc	1	#EBAD40	1
beierbeier123	1	#EBAD40	1
明天早点睡觉好么	2	#C80023	1
哈雷天文	2	#134C74	1
保洁工人杰西	1	#EBAD40	1
子鱼2024	2	#134C74	1
渐丰之	1	#C30078	1
元气妇女哈哈哈	1	#EBAD40	1
可以骂我偶像但是不能骂我	1	#EBAD40	1
虎牙缺颗牙	1	#EBAD40	1
玉米皮多多	1	#C30078	1
喝着热水减肥	1	#EBAD40	1
Crystal_咲笑	2	#134C74	1
小龙人头上的犄角呢	2	#134C74	1
明婧止水	2	#134C74	1
JoyinChoi莛	1	#C30078	1
海儿大爷	2	#134C74	1
pergola_di_fatto	1	#C30078	1
水木丁	2	#134C74	1
皮肤科刘依森	2	#134C74	1
如坐舟中	2	#134C74	1
和你在一起的日子都很耀眼	2	#134C74	1
换个新名字刷微博喽	1	#C30078	1
五四好好	1	#70B999	1
ming-bamboo	2	#134C74	1
大头尸胎	2	#134C74	1
请喊我去学CPA	2	#134C74	1
荒野之息史瑞克	2	#134C74	1
九月shiyu	1	#C30078	1
若木若愚	2	#134C74	1
冯二浩	2	#134C74	1
兔唧唧二号机	1	#C30078	1
西森S	2	#134C74	1
在池边的人	1	#C30078	1
米开朗基罗1988	2	#134C74	1
渐觉春光好	1	#C30078	1
雪来2010	1	#EBAD40	1
独钓寒江水_	1	#EBAD40	1
用户74390130185555	1	#C30078	1
树梢上的大叔2	1	#70B999	1
十月以秋	1	#70B999	1
restless_heart_Sherine	1	#EBAD40	1
福禄寿喜x_	1	#EBAD40	1
一个动态类型的幽灵	1	#70B999	1
被打扰的黄	1	#C30078	1
七分年少	2	#134C74	1
大猪蹄子真白	2	#134C74	1
最后一束草莓松饼	1	#70B999	1
榛至至记得深呼吸	1	#EBAD40	1
藏宝89	1	#70B999	1
宽带山上	1	#70B999	1
飞雪666888	1	#70B999	1
南行行星	1	#70B999	1
three3酱	1	#EBAD40	1
蚁工厂	2	#134C74	1
R_S_SUMMER	1	#C30078	1
种南瓜的土拨拨王子	1	#70B999	1
中山北路Mar	1	#70B999	1
阳光橙与待待	1	#EBAD40	1
那个夏天和你的我	1	#70B999	1
生鱼忧患而咸鱼安乐	2	#134C74	1
雷帅的妈咪	1	#70B999	1
夜雨巴山云梦泽	1	#70B999	1
让我轻轻抱起它	2	#134C74	1
CitizenFa	2	#134C74	1
shootsoft	1	#EBAD40	1
思念89730	1	#C30078	1
大茜丫头	1	#C30078	1
IHitsQ	2	#134C74	1
疯的一比	1	#70B999	1
静默居家过百天-这福气给你要不	1	#70B999	1
AnJ0id	1	#C30078	1
西南宫门	1	#70B999	1
drunk-cello22	1	#70B999	1
山前的低语者	1	#C30078	1
修身养性杰士邦	1	#70B999	1
王白石是我啊	1	#EBAD40	1
天籁长风	1	#70B999	1
尤文_Nedved星	2	#134C74	1
Candyyyy_demo	1	#70B999	1
Aleph_	1	#70B999	1
Howl的地盘	1	#EBAD40	1
不瞎胡闹	1	#EBAD40	1
餐风饮露没有钱	2	#134C74	1
黄凡	2	#C80023	1
皮冻与皮蛋	1	#C30078	1
Ailimiking	1	#C30078	1
牧野晓风	1	#70B999	1
兰花草sx	1	#C30078	1
丁叮小花	2	#134C74	1
宇宙美味萝卜粥	1	#EBAD40	1
Fant212	1	#70B999	1
慢乐谈	1	#EBAD40	1
石头7宝贝儿	1	#70B999	1
汪汪汪啊啊汪汪汪	2	#134C74	1
绿灯不立项不改名了	1	#70B999	1
改不了昵称9	2	#134C74	1
熊_风吹云散见虹霓	1	#C30078	1
骑迦楼罗的visno	1	#EBAD40	1
十三号凌晨	1	#EBAD40	1
wastedtimes2019	1	#EBAD40	1
N次的N次方	2	#134C74	1
R_etake	2	#134C74	1
寒江堆夏雪	1	#EBAD40	1
赖弗	1	#70B999	1
小蕾子A	1	#C30078	1
LLKahn	2	#134C74	1
士兵突击99	1	#EBAD40	1
梳子Shuci	1	#EBAD40	1
路西法之火	1	#EBAD40	1
Amphetamine5	1	#EBAD40	1
猪仔淇baby	2	#C80023	1
道阻且盲	2	#134C74	1
似水年华8la8la	1	#70B999	1
alazycat99	2	#C80023	1
一蟹不如一蟹	2	#134C74	1
八妖三	1	#C30078	1
核都社畜	2	#134C74	1
古禾_Zen	1	#70B999	1
_漂流木	1	#C30078	1
串数	1	#70B999	1
dibidu	1	#EBAD40	1
5蔡小然	2	#134C74	1
耒耜客家	1	#70B999	1
LamiaT_T	1	#C30078	1
neowong	2	#134C74	1
非文ye	2	#134C74	1
_辛裡	2	#134C74	1
窝窝头与羊子	1	#C30078	1
黄老湿_求RP	2	#134C74	1
用户7742036652	1	#C30078	1
千山未及此山高	1	#C30078	1
十三号Seiko	1	#70B999	1
紫台客	2	#C80023	1
可可乐乐08376	1	#EBAD40	1
夏天爱好者戴小孜儿	2	#134C74	1
Houko_Jenny	2	#134C74	1
嘻嚒哈	2	#134C74	1
你太让爸爸失望了	1	#70B999	1
Bailey_Www	2	#134C74	1
蚊子和续子	1	#C30078	1
南京五心投体	1	#C30078	1
beifeng888	1	#C30078	1
R_然然_R	2	#134C74	1
山东临清狮子猫猫	2	#134C74	1
蓓蓓的记录	2	#134C74	1
苏菲蜜意	1	#70B999	1
NgaiKeibo	2	#134C74	1
我不是谦哥儿	2	#C80023	1
高晗孚的姥姥	1	#C30078	1
消瘦的脂肪	2	#134C74	1
夹出PTSD的绵	1	#EBAD40	1
敲木鱼人cmyr	1	#EBAD40	1
温柔是一种修行	1	#EBAD40	1
DrVII_Eleven	1	#EBAD40	1
三顺爱吃水果	1	#70B999	1
Hibo小姐的哈啦先生	1	#70B999	1
花生会武术谁也挡不住巴扎嘿	2	#134C74	1
媛媛是痣多星	1	#EBAD40	1
乙女呀	1	#70B999	1
-可爱又迷人的反面角色	1	#EBAD40	1
tortoiseLin	1	#70B999	1
奥托和他的小狗	1	#70B999	1
常盤一丁目	1	#EBAD40	1
33夏末33	1	#70B999	1
我就是豆豆王	1	#EBAD40	1
黑斯廷斯	1	#EBAD40	1
小萌小可的麻麻	1	#70B999	1
莫小贝1982大小姐	1	#EBAD40	1
Tomoya_風	2	#134C74	1
5是一朵牛奶	1	#EBAD40	1
随便吃吃糖_	1	#70B999	1
張熙熙_Color	1	#70B999	1
布袋和尚空间	1	#EBAD40	1
gyc冲冲	1	#C30078	1
小万摸鱼日记	2	#134C74	1
苏八兔	1	#C30078	1
宝贝是喵喵的	1	#EBAD40	1
揪迹栋戾	1	#EBAD40	1
老靳	2	#134C74	1
追梦大侠一只龙	1	#70B999	1
Azuriaye	1	#EBAD40	1
Hegelzeit	1	#EBAD40	1
dylanfan_ustc	1	#C30078	1
红黑色的兔斯基仙森	2	#134C74	1
直直女孩	1	#C30078	1
空调君药不能停学术不能停	1	#EBAD40	1
黄蓝Rui	1	#C30078	1
平心而论SPACE	1	#70B999	1
江湖布衣666	1	#EBAD40	1
美美_camry	2	#134C74	1
易清	1	#70B999	1
MISS_E_M	1	#C30078	1
Angie井_井	1	#EBAD40	1
RD_我潜狙打钱	1	#C30078	1
gzyiting	1	#C30078	1
洗心島_	2	#134C74	1
渋鷉亗	2	#134C74	1
kate050	1	#EBAD40	1
凸-凸曼	1	#EBAD40	1
ibdwilliamzhao	1	#EBAD40	1
闲置_胖子	1	#C30078	1
我心似蓝空	1	#EBAD40	1
昂临油	1	#70B999	1
黑胖管道工	2	#134C74	1
阿君给爹攒退休钱	2	#134C74	1
丝之鸽今天出了吗	1	#70B999	1
甘道夫_北京	1	#70B999	1
weapon_thucs	1	#EBAD40	1
老蛮_	1	#EBAD40	1
小猫阿七	1	#70B999	1
稚可菽	2	#134C74	1
mengbin1986	1	#EBAD40	1
iWod-rendy	2	#134C74	1
陳彦cy	2	#134C74	1
云在风巅2011	1	#EBAD40	1
Hinson彦子	1	#70B999	1
自默数日	2	#134C74	1
胖兰达	2	#134C74	1
正版杜若-动如参与商	1	#EBAD40	1
jasminedinrainy	1	#70B999	1
丽花要积聚好多好多正能量	2	#134C74	1
游成海_没有嘴的吃豆人	2	#134C74	1
19960902TJU	2	#C80023	1
王屁狗v	2	#134C74	1
吴晴721	1	#EBAD40	1
嘘灵渥于青云	1	#C30078	1
素素非	1	#C30078	1
午夜我将来找你	1	#70B999	1
SDOL芝麻	1	#70B999	1
静小此	2	#134C74	1
LydiaDavid	1	#C30078	1
jacob小疯	1	#EBAD40	1
闲-白-直	1	#EBAD40	1
骏城俊哥	2	#C80023	1
平常心-00-	1	#C30078	1
鞑子香	1	#EBAD40	1
想看霉霉的演唱会_	1	#70B999	1
SupremeMac	2	#134C74	1
飞烟子22	1	#EBAD40	1
wen_xingxiang	1	#C30078	1
扣泥奇蛙sin	1	#70B999	1
皇甫斯基	1	#C30078	1
crossrainbow_29647	1	#EBAD40	1
Paradise·CY·	2	#134C74	1
英定文	2	#134C74	1
刀枪不入王小花	1	#EBAD40	1
湿太腿摔了在养伤动不了_kin	2	#134C74	1
认真的蓝祎	1	#70B999	1
盐博之地	1	#EBAD40	1
肥兔重生	1	#C30078	1
dev1ceeee	1	#EBAD40	1
1只果粉	1	#70B999	1
南粤EE	1	#EBAD40	1
茉莉是我的猫啊	1	#70B999	1
YiBaoAC	2	#C80023	1
focout	1	#C30078	1
李池池_NoScore	1	#EBAD40	1
蜘蛛猴面包	2	#134C74	1
jungle_eyes	1	#EBAD40	1
白话心情	1	#70B999	1
IdEaList-NL	2	#134C74	1
成为自己喜欢的样子吧	1	#70B999	1
孤独小懒熊oxo	2	#134C74	1
Kwofly	2	#134C74	1
懒惰的骑行者	1	#70B999	1
换个不会被认出的昵称	1	#70B999	1
桐花万万里丹山路	1	#70B999	1
sbCOOLLSAND	1	#EBAD40	1
dyuq228	1	#70B999	1
讴歌烂漫	1	#70B999	1
枫落江	1	#70B999	1
寻找桃花岛	2	#134C74	1
qiqi地麻麻	2	#134C74	1
用户6776751245	1	#EBAD40	1
用户1089001757	1	#EBAD40	1
本秃头今年要毕业	1	#EBAD40	1
刘怡雯99	1	#EBAD40	1
用户7366859371	1	#C30078	1
wateraseaocean	1	#EBAD40	1
向东独奏_841	1	#C30078	1
昵称继续用彡点	1	#70B999	1
晓不晓得了	1	#EBAD40	1
tra----velfree	2	#134C74	1
巴厘岛地接Alicia_自由行定制	1	#70B999	1
幸运的堡堡气色好	1	#70B999	1
樱桃味儿的软糖	1	#EBAD40	1
Jaina欣	1	#C30078	1
谢菲-sophia	2	#134C74	1
归田园居	1	#C30078	1
全宇宙最精彩的内容广播台	1	#C30078	1
陇南徽县信访	3	#134C74	1
徽县招商引资局	3	#134C74	1
陇南身边事	3	#C80023	1
oo小师妹oo	2	#C80023	1
陕西检察	3	#134C74	1
佛坪县检察院	3	#134C74	1
商南检察	3	#134C74	1
蓝田检察	3	#134C74	1
金台检察	3	#134C74	1
商洛商州检察	3	#134C74	1
榆林检察	3	#134C74	1
莲湖检察	3	#134C74	1
商洛检察	3	#134C74	1
印台检察	3	#134C74	1
南郑检察微博	3	#134C74	1
凤翔检察	3	#134C74	1
宁强检察	3	#134C74	1
旬邑检察	3	#134C74	1
汉中市检察院	3	#134C74	1
秦岭南麓检察	3	#134C74	1
王益检察	3	#134C74	1
留坝检察院	3	#134C74	1
陕西铁检	3	#134C74	1
JC洛南检察	3	#134C74	1
礼泉检察	3	#134C74	1
太白检察	3	#134C74	1
秦都检察	3	#134C74	1
扶风检察	3	#134C74	1
宝鸡检察	3	#134C74	1
西乡县检察院	3	#134C74	1
咸阳检察	3	#134C74	1
榆阳检察	3	#134C74	1
三原检察	3	#134C74	1
略阳检察	3	#134C74	1
洋县检察院	3	#134C74	1
城固检察	3	#134C74	1
naomi77168	1	#C30078	1
陕西消防	3	#134C74	1
西咸新区秦汉新城	3	#134C74	1
用户7655596862	1	#C30078	1
55888静心	1	#70B999	1
青岛发布	3	#C80023	1
青岛交通	3	#134C74	1
青岛西海岸新闻网	3	#134C74	1
莱州发布	3	#134C74	1
青木在德国	3	#C80023	1
英之cai	2	#C80023	1
韶华须早为	1	#70B999	1
饺子皮酱	1	#EBAD40	1
保佑我幸福安康	1	#C30078	1
等风的旗舰店	1	#70B999	1
林未央2012	1	#EBAD40	1
bujidaonijiubiesuohua	1	#70B999	1
锦铭108	2	#C80023	1
桔梗店老板的小女儿	1	#EBAD40	1
莫失莫忘唯吾本心	1	#EBAD40	1
风儿清云儿淡J	2	#C80023	1
王暖暖小暖	1	#70B999	1
白牛人家	1	#C30078	1
love蓝色花海	1	#C30078	1
做人知行合一	1	#C30078	1
朵拉-166	1	#C30078	1
时间的复利790711	1	#70B999	1
用户7369752031	1	#C30078	1
马峦山前	2	#C80023	1
听从内心rainy	1	#C30078	1
周公府	1	#EBAD40	1
元气满满羊	1	#EBAD40	1
茗321	1	#EBAD40	1
丁火戊土6	1	#EBAD40	1
welcometomorrow	1	#70B999	1
Bingbing1010	1	#70B999	1
GLZ是你	1	#EBAD40	1
调调茶楼	1	#EBAD40	1
catcatfafa	1	#70B999	1
晨熙1918	1	#70B999	1
OJmeio	1	#70B999	1
樱桃_38041	1	#EBAD40	1
枕头and被子	1	#EBAD40	1
Doctor谢耳朵	1	#EBAD40	1
胡杨梦秋	1	#EBAD40	1
云卷云舒9169_70341	1	#70B999	1
o荆棘鸟o	1	#EBAD40	1
鲁燕笙	2	#C80023	1
小桔子-orange	1	#C30078	1
仲夏夜幸运星	1	#EBAD40	1
用户6335326307	1	#C30078	1
BearWinnie	1	#C30078	1
用户5625978461	1	#EBAD40	1
焦糖默默_czy	1	#C30078	1
若飞若立若无其事	1	#70B999	1
Fiona8621	1	#C30078	1
cindy7111	1	#C30078	1
浪漫一身43	1	#70B999	1
大头宝S	1	#EBAD40	1
蒙古人不在蒙古	1	#70B999	1
羊羊的保姆	1	#C30078	1
勇敢的SuperMommy	2	#C80023	1
深圳市卓贝科技有限公司byo	1	#C30078	1
一位渔	1	#C30078	1
励志成为富婆的Lady	1	#C30078	1
阿莹0920	1	#C30078	1
二不等于耶	1	#EBAD40	1
卿欣不倾心	1	#C30078	1
hansonboo	1	#70B999	1
馨馨小愿	1	#C30078	1
静贤芳香美学	2	#C80023	1
小佳佳1922	1	#70B999	1
芙妍丽	2	#C80023	1
L秋子feel	1	#C30078	1
盛夏归去浅秋来17506	1	#C30078	1
love枕霞旧友	1	#EBAD40	1
小象瓶瓶	2	#134C74	1
lilyar佳汇欣	1	#C30078	1
山现的新号_941	1	#EBAD40	1
闺蜜阿珂	1	#70B999	1
Cc哈喽沃德	1	#70B999	1
霏霏子的everyday	1	#EBAD40	1
XLya6688	1	#70B999	1
Lavenir__	1	#EBAD40	1
米粒___平安	1	#EBAD40	1
巴厘岛175号	2	#C80023	1
用户6982087429	1	#70B999	1
胡辣汤a	1	#EBAD40	1
啊李大美丽啊	1	#C30078	1
淘淘阳光下的水晶球	1	#C30078	1
十杨九刀	1	#C30078	1
独处的祚林	1	#C30078	1
冰淸雨	1	#C30078	1
懒猫56016	1	#70B999	1
追梦者珺	1	#70B999	1
用户7748399380	1	#70B999	1
米糊囡囡	1	#70B999	1
阳光透过一抹	1	#C30078	1
空持百千偈_不如吃茶去	1	#EBAD40	1
Luuuuuyyyyyz	1	#70B999	1
牛小琳在途中	2	#C80023	1
馨香一缕	1	#EBAD40	1
胖兔子Jeremy	1	#70B999	1
A玮Sunny	1	#70B999	1
浪漫些许潦草sunny	1	#EBAD40	1
用户7737430829	1	#70B999	1
小酌清茶一杯	1	#70B999	1
ISISImIm	1	#70B999	1
花开自在啦啦啦	1	#EBAD40	1
用户6013409932	1	#70B999	1
最爱少女伊	2	#134C74	1
绿松石果果	1	#70B999	1
圆仔小能猫	1	#EBAD40	1
我们的海角红楼	1	#C30078	1
Virgo谁的的鸡蛋姑娘	1	#EBAD40	1
静静地呼吸3552690433	1	#EBAD40	1
自由天使13	1	#C30078	1
用户7815323103	1	#C30078	1
